,date,shakes
0,1387/9/15,9248.9
1,1387/9/16,9178.3
2,1387/9/17,9130.5
3,1387/9/18,9089.2
4,1387/9/20,9023.7
5,1387/9/23,8973.3
6,1387/9/24,8907.0
7,1387/9/25,8890.7
8,1387/9/26,8869.0
9,1387/9/30,8857.1
10,1387/10/1,8851.6
11,1387/10/2,8832.2
12,1387/10/3,8803.4
13,1387/10/4,8795.7
14,1387/10/7,8786.7
15,1387/10/8,8757.8
16,1387/10/9,8726.9
17,1387/10/10,8695.0
18,1387/10/11,8656.3
19,1387/10/14,8641.8
20,1387/10/15,8619.6
21,1387/10/16,8596.4
22,1387/10/21,8575.7
23,1387/10/22,8542.0
24,1387/10/23,8519.0
25,1387/10/24,8463.7
26,1387/10/25,8456.9
27,1387/10/28,8458.1
28,1387/10/29,8459.9
29,1387/10/30,8467.4
30,1387/11/1,8496.9
31,1387/11/2,8514.3
32,1387/11/5,8553.7
33,1387/11/6,8519.1
34,1387/11/7,8507.3
35,1387/11/8,8509.1
36,1387/11/9,8505.6
37,1387/11/12,8508.3
38,1387/11/13,8491.8
39,1387/11/14,8496.2
40,1387/11/15,8483.4
41,1387/11/16,8466.4
42,1387/11/19,8451.3
43,1387/11/20,8438.0
44,1387/11/21,8423.7
45,1387/11/23,8430.0
46,1387/11/26,8420.0
47,1387/11/27,8412.7
48,1387/11/29,8390.2
49,1387/11/30,8376.6
50,1387/12/3,8355.9
51,1387/12/4,8297.0
52,1387/12/5,8266.2
53,1387/12/7,8248.9
54,1387/12/10,8243.2
55,1387/12/11,8226.8
56,1387/12/12,8216.1
57,1387/12/13,8200.9
58,1387/12/14,8185.3
59,1387/12/17,8133.5
60,1387/12/18,8111.2
61,1387/12/19,8096.0
62,1387/12/20,8126.5
63,1387/12/21,8130.4
64,1387/12/24,8120.3
65,1387/12/26,7977.1
66,1387/12/27,7972.3
67,1387/12/28,7966.5
68,1388/1/5,7965.6
69,1388/1/8,7965.8
70,1388/1/9,7955.4
71,1388/1/10,7970.3
72,1388/1/11,7988.7
73,1388/1/15,8001.6
74,1388/1/16,8006.0
75,1388/1/17,8049.0
76,1388/1/18,8077.9
77,1388/1/19,8111.1
78,1388/1/22,8153.5
79,1388/1/23,8175.9
80,1388/1/24,8203.6
81,1388/1/25,8252.4
82,1388/1/26,8251.6
83,1388/1/29,8290.4
84,1388/1/30,8348.0
85,1388/1/31,8431.2
86,1388/2/1,8434.9
87,1388/2/2,8476.4
88,1388/2/5,8469.1
89,1388/2/6,8502.6
90,1388/2/7,8518.1
91,1388/2/8,8527.8
92,1388/2/9,8535.0
93,1388/2/12,8548.3
94,1388/2/13,8584.6
95,1388/2/14,8638.3
96,1388/2/15,8699.5
97,1388/2/16,8774.2
98,1388/2/19,8872.4
99,1388/2/20,8930.4
100,1388/2/21,8989.5
101,1388/2/22,8968.3
102,1388/2/23,8932.1
103,1388/2/26,8888.0
104,1388/2/27,8919.4
105,1388/2/28,8963.8
106,1388/2/29,8956.3
107,1388/2/30,9000.8
108,1388/3/2,9042.1
109,1388/3/3,9019.5
110,1388/3/4,8971.1
111,1388/3/5,8934.6
112,1388/3/6,8953.7
113,1388/3/9,9001.3
114,1388/3/10,9000.6
115,1388/3/11,9006.3
116,1388/3/12,9032.3
117,1388/3/13,9081.7
118,1388/3/16,9121.3
119,1388/3/17,9195.1
120,1388/3/18,9235.5
121,1388/3/19,9278.5
122,1388/3/20,9343.3
123,1388/3/23,9365.4
124,1388/3/24,9310.3
125,1388/3/25,9299.0
126,1388/3/26,9271.1
127,1388/3/27,9247.2
128,1388/3/30,9247.7
129,1388/3/31,9258.4
130,1388/4/1,9251.8
131,1388/4/2,9340.0
132,1388/4/3,9338.6
133,1388/4/6,9342.6
134,1388/4/7,9353.7
135,1388/4/8,9360.1
136,1388/4/9,9387.6
137,1388/4/10,9471.0
138,1388/4/13,9470.4
139,1388/4/14,9452.7
140,1388/4/16,9457.9
141,1388/4/20,9438.5
142,1388/4/21,9415.8
143,1388/4/22,9352.8
144,1388/4/23,9374.0
145,1388/4/24,9394.6
146,1388/4/25,9394.6
147,1388/4/27,9442.2
148,1388/4/28,9474.5
149,1388/4/30,9511.1
150,1388/4/31,9522.2
151,1388/5/3,9522.9
152,1388/5/4,9530.3
153,1388/5/5,9703.7
154,1388/5/6,9727.1
155,1388/5/7,9765.6
156,1388/5/10,9811.2
157,1388/5/11,9831.2
158,1388/5/12,9835.0
159,1388/5/13,9861.1
160,1388/5/14,9904.4
161,1388/5/17,9999.0
162,1388/5/18,10044.0
163,1388/5/19,10114.2
164,1388/5/20,10139.4
165,1388/5/21,10194.0
166,1388/5/24,10250.8
167,1388/5/25,10333.2
168,1388/5/26,10405.4
169,1388/5/27,10442.5
170,1388/5/28,10472.4
171,1388/5/31,10555.4
172,1388/6/1,10612.2
173,1388/6/2,10686.1
174,1388/6/3,10983.6
175,1388/6/4,11576.9
176,1388/6/7,11734.4
177,1388/6/8,11693.5
178,1388/6/9,11688.3
179,1388/6/10,11741.0
180,1388/6/11,11747.2
181,1388/6/14,11678.5
182,1388/6/15,11634.5
183,1388/6/16,11589.7
184,1388/6/17,11639.0
185,1388/6/18,11696.5
186,1388/6/21,11696.5
187,1388/6/22,11638.4
188,1388/6/23,11598.7
189,1388/6/24,11523.6
190,1388/6/25,11461.1
191,1388/6/28,11437.0
192,1388/6/29,11437.0
193,1388/6/30,11451.8
194,1388/6/31,11479.8
195,1388/7/1,11583.0
196,1388/7/4,11620.4
197,1388/7/5,11588.2
198,1388/7/6,11559.1
199,1388/7/7,11555.0
200,1388/7/8,11535.8
201,1388/7/11,11657.3
202,1388/7/12,11717.3
203,1388/7/13,11738.2
204,1388/7/14,11792.8
205,1388/7/15,11891.1
206,1388/7/18,11957.9
207,1388/7/19,11925.4
208,1388/7/20,11912.3
209,1388/7/21,11918.3
210,1388/7/25,11917.8
211,1388/7/26,11914.1
212,1388/7/27,11976.4
213,1388/7/28,12077.3
214,1388/7/29,12176.3
215,1388/8/2,12242.8
216,1388/8/3,12325.8
217,1388/8/4,12342.6
218,1388/8/5,12345.1
219,1388/8/6,12408.4
220,1388/8/9,12482.4
221,1388/8/10,12545.0
222,1388/8/11,12529.5
223,1388/8/12,12483.6
224,1388/8/13,12506.0
225,1388/8/16,12576.9
226,1388/8/17,12565.9
227,1388/8/18,12581.5
228,1388/8/19,12426.1
229,1388/8/20,12381.4
230,1388/8/23,12403.1
231,1388/8/24,12361.7
232,1388/8/25,12325.4
233,1388/8/26,12241.9
234,1388/8/27,12176.4
235,1388/8/30,12086.7
236,1388/9/1,12003.0
237,1388/9/2,11996.3
238,1388/9/3,12072.6
239,1388/9/4,12113.4
240,1388/9/8,12027.6
241,1388/9/9,11964.9
242,1388/9/10,11928.9
243,1388/9/11,11914.6
244,1388/9/14,11905.0
245,1388/9/16,11944.5
246,1388/9/17,11909.6
247,1388/9/18,11836.3
248,1388/9/21,11753.1
249,1388/9/22,11677.4
250,1388/9/23,11629.1
251,1388/9/24,11362.5
252,1388/9/25,11265.3
253,1388/9/28,11209.6
254,1388/9/29,11255.7
255,1388/9/30,11274.9
256,1388/10/1,11234.6
257,1388/10/2,11221.3
258,1388/10/7,11196.9
259,1388/10/8,11178.5
260,1388/10/9,11207.5
261,1388/10/12,11295.2
262,1388/10/13,11351.1
263,1388/10/14,11305.1
264,1388/10/15,11307.4
265,1388/10/16,11375.4
266,1388/10/19,11449.6
267,1388/10/20,11592.3
268,1388/10/21,11656.8
269,1388/10/22,11646.2
270,1388/10/23,11599.9
271,1388/10/26,11614.9
272,1388/10/27,11620.7
273,1388/10/28,11584.0
274,1388/10/29,11569.2
275,1388/10/30,11569.2
276,1388/11/3,11617.8
277,1388/11/4,11684.9
278,1388/11/5,11705.1
279,1388/11/6,11752.5
280,1388/11/7,11802.9
281,1388/11/10,11750.1
282,1388/11/11,11724.7
283,1388/11/12,11709.6
284,1388/11/13,11721.3
285,1388/11/14,11751.7
286,1388/11/17,11715.5
287,1388/11/18,11686.3
288,1388/11/19,11666.8
289,1388/11/20,11660.7
290,1388/11/21,11694.1
291,1388/11/25,11760.0
292,1388/11/27,11789.7
293,1388/11/28,11774.2
294,1388/12/1,11819.0
295,1388/12/2,11929.0
296,1388/12/3,12008.6
297,1388/12/4,12010.2
298,1388/12/5,11993.2
299,1388/12/8,11963.5
300,1388/12/9,12009.0
301,1388/12/10,12048.9
302,1388/12/11,12111.1
303,1388/12/12,12133.4
304,1388/12/15,12221.3
305,1388/12/16,12248.9
306,1388/12/17,12307.2
307,1388/12/18,12429.1
308,1388/12/19,12446.8
309,1388/12/22,12440.5
310,1388/12/23,12549.1
311,1388/12/24,12533.6
312,1388/12/25,12499.7
313,1388/12/26,12536.7
314,1389/1/7,12613.9
315,1389/1/8,12732.1
316,1389/1/9,12823.9
317,1389/1/10,12867.0
318,1389/1/11,12945.0
319,1389/1/14,13135.7
320,1389/1/15,13320.1
321,1389/1/16,13317.0
322,1389/1/17,13476.5
323,1389/1/18,13681.2
324,1389/1/21,13754.0
325,1389/1/22,13802.6
326,1389/1/23,13832.8
327,1389/1/24,13904.0
328,1389/1/25,13903.4
329,1389/1/28,13815.7
330,1389/1/29,13935.0
331,1389/1/30,14138.3
332,1389/1/31,14185.7
333,1389/2/1,14129.2
334,1389/2/4,14079.9
335,1389/2/5,14053.3
336,1389/2/6,14129.0
337,1389/2/7,14139.4
338,1389/2/8,14012.5
339,1389/2/11,14136.7
340,1389/2/12,14085.9
341,1389/2/13,14012.6
342,1389/2/14,14036.7
343,1389/2/15,13944.8
344,1389/2/18,13920.5
345,1389/2/19,14014.3
346,1389/2/20,14099.5
347,1389/2/21,14131.7
348,1389/2/22,14105.3
349,1389/2/25,14096.1
350,1389/2/26,14138.8
351,1389/2/28,14156.7
352,1389/2/29,14155.6
353,1389/3/1,14117.2
354,1389/3/2,14080.5
355,1389/3/3,14115.5
356,1389/3/4,14184.3
357,1389/3/5,14153.8
358,1389/3/8,14119.9
359,1389/3/9,14087.6
360,1389/3/10,14038.3
361,1389/3/11,14109.0
362,1389/3/12,14182.4
363,1389/3/16,14164.7
364,1389/3/17,14135.3
365,1389/3/18,14148.8
366,1389/3/19,14055.1
367,1389/3/22,14114.9
368,1389/3/23,14180.3
369,1389/3/24,14288.5
370,1389/3/25,14394.2
371,1389/3/26,14372.0
372,1389/3/29,14340.6
373,1389/3/30,14280.9
374,1389/3/31,14257.0
375,1389/4/1,14350.6
376,1389/4/2,14489.4
377,1389/4/6,14503.0
378,1389/4/7,14500.9
379,1389/4/8,14545.3
380,1389/4/9,14552.3
381,1389/4/12,14561.1
382,1389/4/13,14504.2
383,1389/4/14,14553.2
384,1389/4/15,14571.6
385,1389/4/16,14718.8
386,1389/4/20,14883.4
387,1389/4/21,14981.5
388,1389/4/22,15005.9
389,1389/4/23,15080.4
390,1389/4/26,15118.0
391,1389/4/27,15189.0
392,1389/4/28,15244.8
393,1389/4/29,15344.6
394,1389/4/30,15360.7
395,1389/5/2,15455.4
396,1389/5/3,15660.9
397,1389/5/4,15746.5
398,1389/5/6,15794.1
399,1389/5/9,15840.5
400,1389/5/10,15870.0
401,1389/5/11,16078.1
402,1389/5/12,16281.7
403,1389/5/13,16317.9
404,1389/5/16,16606.1
405,1389/5/17,16625.9
406,1389/5/18,16674.4
407,1389/5/19,16841.4
408,1389/5/20,16995.1
409,1389/5/23,16864.6
410,1389/5/24,16701.1
411,1389/5/25,16766.9
412,1389/5/26,16910.8
413,1389/5/27,17009.6
414,1389/5/30,16974.6
415,1389/5/31,16957.6
416,1389/6/1,17116.7
417,1389/6/2,17152.7
418,1389/6/3,17233.1
419,1389/6/6,17401.0
420,1389/6/7,17767.8
421,1389/6/8,17938.0
422,1389/6/9,17955.7
423,1389/6/13,18315.8
424,1389/6/14,18636.1
425,1389/6/15,18648.2
426,1389/6/16,18458.9
427,1389/6/17,18429.6
428,1389/6/21,18533.4
429,1389/6/22,18533.7
430,1389/6/23,18543.1
431,1389/6/24,18555.7
432,1389/6/27,18657.7
433,1389/6/28,18487.6
434,1389/6/29,18303.3
435,1389/6/30,18413.0
436,1389/6/31,18548.6
437,1389/7/3,18673.3
438,1389/7/4,18527.8
439,1389/7/5,18405.6
440,1389/7/6,18535.3
441,1389/7/7,18671.3
442,1389/7/10,18790.4
443,1389/7/11,18762.4
444,1389/7/13,18749.9
445,1389/7/14,18871.8
446,1389/7/17,18937.7
447,1389/7/18,18642.0
448,1389/7/19,18564.0
449,1389/7/20,18283.0
450,1389/7/21,17902.5
451,1389/7/24,17973.1
452,1389/7/25,18111.1
453,1389/7/26,18343.8
454,1389/7/27,18292.9
455,1389/7/28,18229.5
456,1389/8/1,18324.6
457,1389/8/2,18163.7
458,1389/8/3,18035.9
459,1389/8/4,18006.1
460,1389/8/5,17956.4
461,1389/8/8,18034.9
462,1389/8/9,18011.0
463,1389/8/10,17972.9
464,1389/8/11,17960.5
465,1389/8/12,17976.7
466,1389/8/15,18089.8
467,1389/8/16,18015.9
468,1389/8/17,17969.5
469,1389/8/18,18038.5
470,1389/8/19,18113.4
471,1389/8/22,18044.3
472,1389/8/23,18042.1
473,1389/8/24,18035.6
474,1389/8/25,18021.0
475,1389/8/29,18062.5
476,1389/8/30,18133.7
477,1389/9/1,18257.8
478,1389/9/2,18226.6
479,1389/9/3,18289.2
480,1389/9/6,18427.7
481,1389/9/7,18404.5
482,1389/9/8,18284.7
483,1389/9/9,18242.6
484,1389/9/10,18280.0
485,1389/9/13,18292.4
486,1389/9/14,18319.3
487,1389/9/15,18291.9
488,1389/9/16,18317.3
489,1389/9/17,18371.2
490,1389/9/20,18460.3
491,1389/9/21,18443.7
492,1389/9/22,18414.7
493,1389/9/23,18414.3
494,1389/9/27,18366.4
495,1389/9/28,18203.4
496,1389/9/29,18249.7
497,1389/9/30,18353.1
498,1389/10/1,18398.9
499,1389/10/4,18585.8
500,1389/10/5,18723.1
501,1389/10/6,18689.0
502,1389/10/7,18771.4
503,1389/10/8,18855.2
504,1389/10/11,18849.1
505,1389/10/12,18898.1
506,1389/10/13,19021.0
507,1389/10/14,19200.4
508,1389/10/15,19361.5
509,1389/10/18,19451.5
510,1389/10/19,19699.9
511,1389/10/20,19690.9
512,1389/10/21,19778.6
513,1389/10/22,19759.1
514,1389/10/25,19705.3
515,1389/10/26,19830.6
516,1389/10/27,19904.7
517,1389/10/28,19937.9
518,1389/10/29,20206.6
519,1389/11/2,20352.7
520,1389/11/3,20416.0
521,1389/11/4,20462.6
522,1389/11/6,20684.8
523,1389/11/9,20905.9
524,1389/11/10,20877.6
525,1389/11/11,20997.1
526,1389/11/12,21349.4
527,1389/11/16,21810.7
528,1389/11/17,21840.0
529,1389/11/18,21944.4
530,1389/11/19,21867.4
531,1389/11/20,21929.0
532,1389/11/23,22000.5
533,1389/11/24,22136.5
534,1389/11/25,22260.4
535,1389/11/26,22270.4
536,1389/11/27,22188.3
537,1389/11/30,22090.3
538,1389/12/1,21762.2
539,1389/12/3,21739.4
540,1389/12/4,21749.5
541,1389/12/7,21867.9
542,1389/12/8,21900.5
543,1389/12/9,21663.3
544,1389/12/10,21472.9
545,1389/12/11,21694.0
546,1389/12/14,21843.2
547,1389/12/15,21929.3
548,1389/12/16,21891.8
549,1389/12/17,22033.2
550,1389/12/18,22062.6
551,1389/12/21,21895.2
552,1389/12/22,22008.8
553,1389/12/23,22236.9
554,1389/12/24,22455.7
555,1389/12/25,22803.8
556,1389/12/28,23294.9
557,1390/1/6,23756.3
558,1390/1/7,24199.8
559,1390/1/8,24287.8
560,1390/1/9,24486.6
561,1390/1/10,24486.0
562,1390/1/14,24543.6
563,1390/1/15,25023.3
564,1390/1/16,25550.4
565,1390/1/17,25885.1
566,1390/1/20,26222.7
567,1390/1/21,26002.6
568,1390/1/22,26145.2
569,1390/1/23,26412.7
570,1390/1/24,26541.9
571,1390/1/27,26675.9
572,1390/1/28,26446.6
573,1390/1/29,26429.2
574,1390/1/30,26215.4
575,1390/1/31,26481.5
576,1390/2/3,26610.1
577,1390/2/4,26539.7
578,1390/2/5,26261.5
579,1390/2/6,26273.6
580,1390/2/7,25781.8
581,1390/2/10,25321.7
582,1390/2/11,24685.3
583,1390/2/12,25037.7
584,1390/2/13,25211.2
585,1390/2/14,25520.2
586,1390/2/18,25366.6
587,1390/2/19,25752.7
588,1390/2/20,26041.7
589,1390/2/21,26002.8
590,1390/2/24,26033.6
591,1390/2/25,25908.5
592,1390/2/26,25759.7
593,1390/2/27,25773.4
594,1390/2/28,25940.8
595,1390/2/31,26155.6
596,1390/3/1,26055.5
597,1390/3/2,26059.8
598,1390/3/3,25861.9
599,1390/3/4,25290.7
600,1390/3/7,25043.4
601,1390/3/8,24600.6
602,1390/3/9,24865.3
603,1390/3/10,25120.9
604,1390/3/16,25291.8
605,1390/3/17,25123.1
606,1390/3/18,25286.5
607,1390/3/21,25245.1
608,1390/3/22,25121.7
609,1390/3/23,25237.5
610,1390/3/24,25043.3
611,1390/3/25,24854.8
612,1390/3/28,25187.4
613,1390/3/29,25214.1
614,1390/3/30,25120.9
615,1390/3/31,25181.6
616,1390/4/1,25126.1
617,1390/4/4,25023.5
618,1390/4/5,24674.9
619,1390/4/6,24148.6
620,1390/4/7,24180.5
621,1390/4/8,24503.5
622,1390/4/11,24742.2
623,1390/4/12,24742.7
624,1390/4/13,24698.3
625,1390/4/14,24816.6
626,1390/4/15,24801.1
627,1390/4/18,24716.9
628,1390/4/19,24541.1
629,1390/4/20,24503.8
630,1390/4/21,24387.1
631,1390/4/22,24286.7
632,1390/4/25,24348.9
633,1390/4/27,24460.7
634,1390/4/28,24494.6
635,1390/4/29,24602.0
636,1390/5/1,24809.6
637,1390/5/2,25181.7
638,1390/5/3,25325.4
639,1390/5/4,25434.6
640,1390/5/5,25471.8
641,1390/5/8,25297.8
642,1390/5/9,25110.8
643,1390/5/10,25270.0
644,1390/5/11,25284.5
645,1390/5/12,25316.3
646,1390/5/15,25008.1
647,1390/5/16,24923.6
648,1390/5/17,24970.8
649,1390/5/18,24596.7
650,1390/5/19,24875.8
651,1390/5/22,24997.0
652,1390/5/23,25092.8
653,1390/5/24,25059.3
654,1390/5/25,25090.5
655,1390/5/26,25237.6
656,1390/5/29,25231.6
657,1390/5/30,25217.0
658,1390/6/1,25389.3
659,1390/6/2,25475.7
660,1390/6/5,25555.6
661,1390/6/6,25475.1
662,1390/6/7,25621.7
663,1390/6/8,25822.0
664,1390/6/12,26083.4
665,1390/6/13,26254.6
666,1390/6/14,26360.8
667,1390/6/15,26714.7
668,1390/6/16,26930.2
669,1390/6/19,27098.4
670,1390/6/20,27099.9
671,1390/6/21,27058.9
672,1390/6/22,26933.1
673,1390/6/23,26836.3
674,1390/6/26,26855.0
675,1390/6/27,26885.0
676,1390/6/28,26866.9
677,1390/6/29,26847.4
678,1390/6/30,26962.2
679,1390/7/3,26764.8
680,1390/7/4,26571.9
681,1390/7/5,26692.9
682,1390/7/6,26792.7
683,1390/7/9,26708.2
684,1390/7/10,26672.7
685,1390/7/11,26663.6
686,1390/7/12,26756.3
687,1390/7/13,26863.5
688,1390/7/16,26912.8
689,1390/7/17,26868.8
690,1390/7/18,26819.4
691,1390/7/19,26903.0
692,1390/7/20,26844.2
693,1390/7/23,26668.3
694,1390/7/24,26291.2
695,1390/7/25,26159.4
696,1390/7/26,26158.8
697,1390/7/27,26207.7
698,1390/7/30,26150.8
699,1390/8/1,26049.6
700,1390/8/2,25875.0
701,1390/8/3,25924.8
702,1390/8/4,25915.4
703,1390/8/7,25953.3
704,1390/8/8,25911.3
705,1390/8/9,25910.0
706,1390/8/10,25924.9
707,1390/8/11,26001.5
708,1390/8/14,25874.2
709,1390/8/15,25589.5
710,1390/8/17,25328.6
711,1390/8/18,25394.2
712,1390/8/21,25462.7
713,1390/8/22,25372.6
714,1390/8/23,25366.6
715,1390/8/25,25366.4
716,1390/8/28,25366.7
717,1390/8/29,25298.3
718,1390/8/30,25207.2
719,1390/9/1,24881.0
720,1390/9/2,24568.2
721,1390/9/5,24468.2
722,1390/9/6,24056.4
723,1390/9/7,23977.7
724,1390/9/8,24089.2
725,1390/9/9,24016.5
726,1390/9/12,24116.6
727,1390/9/13,24356.9
728,1390/9/16,24662.6
729,1390/9/19,24688.2
730,1390/9/20,24546.3
731,1390/9/21,24554.9
732,1390/9/22,24618.1
733,1390/9/23,24590.7
734,1390/9/26,24528.3
735,1390/9/27,24604.0
736,1390/9/28,24638.2
737,1390/9/29,24588.5
738,1390/9/30,24494.0
739,1390/10/3,24456.7
740,1390/10/4,24455.1
741,1390/10/5,24377.3
742,1390/10/6,24327.2
743,1390/10/7,24320.8
744,1390/10/10,24403.1
745,1390/10/11,24400.9
746,1390/10/12,24323.7
747,1390/10/13,24507.0
748,1390/10/14,24839.1
749,1390/10/17,24887.9
750,1390/10/18,24854.9
751,1390/10/19,25082.7
752,1390/10/20,25207.4
753,1390/10/21,25440.3
754,1390/10/25,25755.3
755,1390/10/26,25903.4
756,1390/10/27,25692.8
757,1390/10/28,25811.2
758,1390/11/1,25772.3
759,1390/11/3,25620.7
760,1390/11/5,25540.5
761,1390/11/8,25723.0
762,1390/11/9,25931.3
763,1390/11/10,25912.9
764,1390/11/11,25913.8
765,1390/11/12,25878.2
766,1390/11/15,25907.0
767,1390/11/16,25717.6
768,1390/11/17,25579.8
769,1390/11/18,25436.6
770,1390/11/19,25371.7
771,1390/11/23,25320.7
772,1390/11/24,25279.8
773,1390/11/25,24946.4
774,1390/11/26,24829.3
775,1390/11/29,24848.9
776,1390/11/30,24878.3
777,1390/12/1,24923.2
778,1390/12/2,25035.2
779,1390/12/3,25012.6
780,1390/12/6,24936.1
781,1390/12/7,24976.9
782,1390/12/8,25098.4
783,1390/12/9,25244.4
784,1390/12/10,25354.5
785,1390/12/13,25365.5
786,1390/12/14,25417.9
787,1390/12/15,25320.1
788,1390/12/16,25307.9
789,1390/12/17,25400.2
790,1390/12/20,25457.6
791,1390/12/21,25491.1
792,1390/12/22,25300.0
793,1390/12/23,25265.3
794,1390/12/24,25481.5
795,1390/12/27,25607.2
796,1390/12/28,25905.6
797,1391/1/5,26280.5
798,1391/1/6,26502.3
799,1391/1/7,26408.7
800,1391/1/8,26533.0
801,1391/1/9,26576.2
802,1391/1/14,26484.8
803,1391/1/15,26327.0
804,1391/1/16,26300.3
805,1391/1/19,26383.4
806,1391/1/20,26491.8
807,1391/1/21,26482.6
808,1391/1/22,26664.1
809,1391/1/23,26757.8
810,1391/1/26,26896.8
811,1391/1/27,27281.2
812,1391/1/28,27245.6
813,1391/1/29,27185.6
814,1391/1/30,27259.9
815,1391/2/2,27211.7
816,1391/2/3,27169.3
817,1391/2/4,27085.3
818,1391/2/5,27129.9
819,1391/2/9,27010.1
820,1391/2/10,26953.8
821,1391/2/11,26960.0
822,1391/2/12,26969.8
823,1391/2/13,26964.8
824,1391/2/16,26935.7
825,1391/2/17,26932.2
826,1391/2/18,26886.3
827,1391/2/19,26870.5
828,1391/2/20,26871.9
829,1391/2/23,26743.8
830,1391/2/24,26658.0
831,1391/2/25,26715.2
832,1391/2/26,26677.3
833,1391/2/27,26652.6
834,1391/2/30,26652.1
835,1391/2/31,26667.7
836,1391/3/1,26845.8
837,1391/3/2,26912.7
838,1391/3/3,27091.2
839,1391/3/6,26909.5
840,1391/3/7,26905.0
841,1391/3/8,26848.7
842,1391/3/9,26803.6
843,1391/3/10,26755.9
844,1391/3/13,26735.4
845,1391/3/16,26693.0
846,1391/3/17,26635.6
847,1391/3/20,26365.2
848,1391/3/21,26264.8
849,1391/3/22,26411.8
850,1391/3/23,26440.5
851,1391/3/24,26439.1
852,1391/3/27,26406.7
853,1391/3/28,26325.5
854,1391/3/30,26291.8
855,1391/3/31,26165.9
856,1391/4/3,25938.1
857,1391/4/4,25681.1
858,1391/4/5,25558.4
859,1391/4/6,25325.0
860,1391/4/7,25054.6
861,1391/4/10,25170.7
862,1391/4/11,25227.2
863,1391/4/12,25345.5
864,1391/4/13,25438.0
865,1391/4/14,25428.5
866,1391/4/17,25445.5
867,1391/4/18,25354.3
868,1391/4/19,25279.2
869,1391/4/20,25307.5
870,1391/4/21,25388.1
871,1391/4/24,25431.5
872,1391/4/25,25296.1
873,1391/4/26,25159.7
874,1391/4/27,25021.3
875,1391/4/28,25039.2
876,1391/4/31,25021.2
877,1391/5/1,24996.0
878,1391/5/2,25029.5
879,1391/5/3,25094.3
880,1391/5/4,25088.8
881,1391/5/7,25023.3
882,1391/5/8,24747.4
883,1391/5/9,24550.4
884,1391/5/10,24584.0
885,1391/5/11,24546.7
886,1391/5/14,24332.6
887,1391/5/15,24108.5
888,1391/5/16,24001.0
889,1391/5/17,23855.1
890,1391/5/18,23787.3
891,1391/5/21,23957.2
892,1391/5/22,24024.2
893,1391/5/23,24049.7
894,1391/5/24,24102.1
895,1391/5/25,24125.3
896,1391/5/28,24144.7
897,1391/5/31,24279.1
898,1391/6/1,24339.2
899,1391/6/4,24523.2
900,1391/6/5,24586.5
901,1391/6/6,24649.0
902,1391/6/12,24730.1
903,1391/6/13,25055.0
904,1391/6/14,25384.0
905,1391/6/15,25659.9
906,1391/6/18,25791.9
907,1391/6/19,25569.2
908,1391/6/20,25735.1
909,1391/6/21,25889.2
910,1391/6/25,26283.7
911,1391/6/26,26217.2
912,1391/6/27,26470.6
913,1391/6/28,26556.9
914,1391/6/29,26514.5
915,1391/7/1,26875.3
916,1391/7/2,27127.1
917,1391/7/3,27080.7
918,1391/7/4,27440.1
919,1391/7/5,28132.2
920,1391/7/8,28828.7
921,1391/7/9,29207.1
922,1391/7/10,28788.8
923,1391/7/11,28667.1
924,1391/7/12,29098.5
925,1391/7/15,28862.9
926,1391/7/16,28858.6
927,1391/7/17,29014.1
928,1391/7/18,29032.5
929,1391/7/19,28845.7
930,1391/7/22,28557.9
931,1391/7/23,28656.1
932,1391/7/24,28981.3
933,1391/7/25,29248.2
934,1391/7/26,29502.0
935,1391/7/29,29992.6
936,1391/7/30,30211.4
937,1391/8/1,30671.6
938,1391/8/2,30615.7
939,1391/8/3,30749.3
940,1391/8/6,31121.7
941,1391/8/7,31160.1
942,1391/8/8,31221.5
943,1391/8/9,31331.6
944,1391/8/10,31082.4
945,1391/8/14,31205.2
946,1391/8/15,30736.6
947,1391/8/16,30940.3
948,1391/8/17,31282.9
949,1391/8/20,31220.1
950,1391/8/21,31015.6
951,1391/8/22,30978.8
952,1391/8/23,31215.0
953,1391/8/24,31336.4
954,1391/8/27,31260.3
955,1391/8/28,31271.2
956,1391/8/29,31096.5
957,1391/8/30,31140.9
958,1391/9/1,31259.5
959,1391/9/6,31608.9
960,1391/9/7,32018.1
961,1391/9/8,32339.5
962,1391/9/11,32741.5
963,1391/9/12,33113.5
964,1391/9/13,33015.7
965,1391/9/14,33073.4
966,1391/9/15,33282.0
967,1391/9/18,33659.9
968,1391/9/19,33612.6
969,1391/9/20,33760.8
970,1391/9/21,33889.4
971,1391/9/22,33687.0
972,1391/9/25,33949.3
973,1391/9/26,34090.9
974,1391/9/27,34669.5
975,1391/9/28,35106.2
976,1391/9/29,35760.3
977,1391/10/2,36040.5
978,1391/10/3,36829.3
979,1391/10/4,37530.7
980,1391/10/5,37366.4
981,1391/10/6,37798.8
982,1391/10/9,37622.4
983,1391/10/10,37116.3
984,1391/10/11,37860.6
985,1391/10/12,37987.0
986,1391/10/13,37648.5
987,1391/10/17,37059.0
988,1391/10/18,37077.0
989,1391/10/19,37314.9
990,1391/10/20,37441.5
991,1391/10/24,37786.2
992,1391/10/25,38082.8
993,1391/10/26,38322.5
994,1391/10/27,38343.6
995,1391/10/30,37898.8
996,1391/11/1,37627.5
997,1391/11/2,37284.0
998,1391/11/3,36594.0
999,1391/11/4,37233.7
1000,1391/11/7,37409.4
1001,1391/11/8,36723.3
1002,1391/11/9,36674.7
1003,1391/11/11,36554.9
1004,1391/11/14,36801.4
1005,1391/11/15,36761.1
1006,1391/11/16,36447.0
1007,1391/11/17,36505.6
1008,1391/11/18,36913.3
1009,1391/11/21,38205.4
1010,1391/11/23,38394.3
1011,1391/11/24,38640.1
1012,1391/11/25,38611.4
1013,1391/11/28,38655.0
1014,1391/11/29,38710.3
1015,1391/11/30,38739.4
1016,1391/12/1,38550.8
1017,1391/12/2,38479.2
1018,1391/12/5,38325.8
1019,1391/12/6,37931.1
1020,1391/12/7,37350.6
1021,1391/12/8,37573.7
1022,1391/12/9,37811.6
1023,1391/12/12,37437.2
1024,1391/12/13,37156.1
1025,1391/12/14,37135.9
1026,1391/12/15,36950.6
1027,1391/12/16,36925.1
1028,1391/12/19,36585.5
1029,1391/12/20,37101.0
1030,1391/12/21,37193.6
1031,1391/12/22,37268.4
1032,1391/12/23,37998.7
1033,1391/12/26,37854.8
1034,1391/12/27,37516.1
1035,1391/12/28,38040.8
1036,1392/1/5,38602.6
1037,1392/1/6,39351.1
1038,1392/1/7,39741.8
1039,1392/1/10,39714.9
1040,1392/1/11,39990.2
1041,1392/1/14,40151.1
1042,1392/1/17,40134.3
1043,1392/1/18,39915.6
1044,1392/1/19,40068.0
1045,1392/1/20,40606.6
1046,1392/1/21,40533.0
1047,1392/1/24,40255.1
1048,1392/1/26,40621.0
1049,1392/1/27,40834.9
1050,1392/1/28,40747.6
1051,1392/1/31,40550.8
1052,1392/2/1,40506.0
1053,1392/2/2,41133.0
1054,1392/2/3,41583.8
1055,1392/2/4,42052.4
1056,1392/2/7,42334.2
1057,1392/2/8,42507.7
1058,1392/2/9,43192.3
1059,1392/2/10,43994.3
1060,1392/2/11,44537.1
1061,1392/2/14,44993.5
1062,1392/2/15,44897.9
1063,1392/2/16,44943.7
1064,1392/2/17,44707.4
1065,1392/2/18,44683.9
1066,1392/2/21,45091.4
1067,1392/2/22,45512.7
1068,1392/2/23,44963.3
1069,1392/2/24,44129.0
1070,1392/2/25,43864.3
1071,1392/2/28,43301.0
1072,1392/2/29,42795.5
1073,1392/2/30,43047.3
1074,1392/2/31,42855.7
1075,1392/3/1,42777.2
1076,1392/3/4,43485.2
1077,1392/3/5,43910.7
1078,1392/3/6,44107.4
1079,1392/3/7,44470.7
1080,1392/3/8,45162.2
1081,1392/3/11,44945.1
1082,1392/3/12,45247.8
1083,1392/3/13,45590.0
1084,1392/3/18,45488.2
1085,1392/3/19,45199.1
1086,1392/3/20,45206.5
1087,1392/3/21,45553.4
1088,1392/3/22,45671.9
1089,1392/3/25,46623.0
1090,1392/3/26,47817.9
1091,1392/3/27,48333.3
1092,1392/3/28,48783.0
1093,1392/3/29,48916.7
1094,1392/4/1,48539.3
1095,1392/4/2,48631.1
1096,1392/4/4,48634.0
1097,1392/4/5,49427.4
1098,1392/4/8,50471.1
1099,1392/4/9,51321.3
1100,1392/4/10,52244.1
1101,1392/4/11,51846.3
1102,1392/4/12,52735.2
1103,1392/4/15,54289.7
1104,1392/4/16,54768.6
1105,1392/4/17,54616.0
1106,1392/4/18,54534.2
1107,1392/4/19,55069.7
1108,1392/4/22,54744.0
1109,1392/4/23,54298.7
1110,1392/4/24,54509.3
1111,1392/4/25,54235.9
1112,1392/4/26,54433.6
1113,1392/4/29,54872.3
1114,1392/4/30,55101.0
1115,1392/4/31,55329.3
1116,1392/5/1,55942.4
1117,1392/5/2,56426.3
1118,1392/5/5,56290.3
1119,1392/5/6,56551.9
1120,1392/5/7,56400.2
1121,1392/5/9,57168.2
1122,1392/5/12,57397.2
1123,1392/5/13,57264.4
1124,1392/5/14,57415.9
1125,1392/5/15,57674.8
1126,1392/5/16,58142.6
1127,1392/5/20,58889.9
1128,1392/5/21,59608.5
1129,1392/5/22,59754.8
1130,1392/5/23,59610.2
1131,1392/5/26,60410.3
1132,1392/5/27,59938.6
1133,1392/5/28,60052.2
1134,1392/5/29,59568.0
1135,1392/5/30,59281.6
1136,1392/6/2,59552.8
1137,1392/6/3,61163.5
1138,1392/6/4,60675.7
1139,1392/6/5,60002.4
1140,1392/6/6,58727.3
1141,1392/6/9,58561.0
1142,1392/6/10,59057.0
1143,1392/6/12,58962.9
1144,1392/6/13,58146.1
1145,1392/6/16,57491.6
1146,1392/6/17,57198.1
1147,1392/6/18,57035.4
1148,1392/6/19,58190.4
1149,1392/6/20,59164.6
1150,1392/6/23,59117.4
1151,1392/6/24,59401.5
1152,1392/6/25,59347.7
1153,1392/6/26,60056.4
1154,1392/6/27,60964.1
1155,1392/6/30,62053.2
1156,1392/6/31,61707.2
1157,1392/7/1,62904.8
1158,1392/7/2,63010.2
1159,1392/7/3,63455.3
1160,1392/7/6,64695.4
1161,1392/7/7,65328.8
1162,1392/7/8,65720.0
1163,1392/7/9,66350.0
1164,1392/7/10,66506.3
1165,1392/7/13,66662.5
1166,1392/7/14,66997.7
1167,1392/7/15,67019.0
1168,1392/7/16,67505.3
1169,1392/7/17,68461.5
1170,1392/7/20,69703.5
1171,1392/7/21,70951.5
1172,1392/7/22,71471.8
1173,1392/7/23,72766.5
1174,1392/7/27,74400.2
1175,1392/7/28,73335.6
1176,1392/7/29,73636.1
1177,1392/7/30,72997.7
1178,1392/8/1,73030.7
1179,1392/8/4,73549.8
1180,1392/8/5,72201.0
1181,1392/8/6,72215.0
1182,1392/8/7,73167.4
1183,1392/8/8,73553.2
1184,1392/8/11,73504.8
1185,1392/8/12,73766.2
1186,1392/8/13,73733.6
1187,1392/8/14,74438.1
1188,1392/8/15,75868.9
1189,1392/8/18,76959.9
1190,1392/8/19,77118.9
1191,1392/8/20,76895.9
1192,1392/8/21,76932.9
1193,1392/8/25,77673.0
1194,1392/8/26,77214.2
1195,1392/8/27,77328.1
1196,1392/8/28,78142.0
1197,1392/8/29,78424.1
1198,1392/9/2,78874.5
1199,1392/9/3,80022.2
1200,1392/9/4,81186.8
1201,1392/9/5,81549.5
1202,1392/9/6,82129.8
1203,1392/9/9,83572.5
1204,1392/9/10,84384.9
1205,1392/9/11,83706.5
1206,1392/9/12,83775.6
1207,1392/9/13,84211.4
1208,1392/9/16,84659.4
1209,1392/9/17,85149.9
1210,1392/9/18,85310.4
1211,1392/9/19,85962.2
1212,1392/9/20,86511.2
1213,1392/9/23,85691.1
1214,1392/9/24,87024.1
1215,1392/9/25,88112.5
1216,1392/9/26,87646.1
1217,1392/9/27,87726.2
1218,1392/9/30,86957.1
1219,1392/10/1,87015.5
1220,1392/10/3,88113.7
1221,1392/10/4,88190.7
1222,1392/10/7,87691.7
1223,1392/10/8,87425.2
1224,1392/10/9,87451.9
1225,1392/10/11,88313.4
1226,1392/10/14,88926.7
1227,1392/10/15,89500.6
1228,1392/10/16,89355.7
1229,1392/10/17,88749.3
1230,1392/10/18,88069.0
1231,1392/10/21,87792.7
1232,1392/10/22,85404.1
1233,1392/10/23,87112.9
1234,1392/10/24,87102.6
1235,1392/10/25,85700.6
1236,1392/10/28,84973.2
1237,1392/10/30,83641.5
1238,1392/11/1,83252.4
1239,1392/11/2,82028.8
1240,1392/11/5,82670.3
1241,1392/11/6,81905.6
1242,1392/11/7,80861.4
1243,1392/11/8,81644.4
1244,1392/11/9,82797.7
1245,1392/11/12,84164.7
1246,1392/11/13,83606.5
1247,1392/11/14,83165.0
1248,1392/11/15,83170.6
1249,1392/11/16,82214.3
1250,1392/11/19,81066.8
1251,1392/11/20,80949.5
1252,1392/11/21,80240.3
1253,1392/11/23,79136.6
1254,1392/11/26,79153.1
1255,1392/11/27,79769.2
1256,1392/11/28,80603.0
1257,1392/11/29,80435.7
1258,1392/11/30,80986.5
1259,1392/12/3,81325.0
1260,1392/12/4,81281.6
1261,1392/12/5,80849.8
1262,1392/12/6,80087.4
1263,1392/12/7,79785.5
1264,1392/12/10,80105.0
1265,1392/12/11,79584.1
1266,1392/12/12,78518.8
1267,1392/12/13,78072.6
1268,1392/12/14,78447.2
1269,1392/12/17,78231.0
1270,1392/12/18,77515.6
1271,1392/12/19,77219.5
1272,1392/12/20,76582.7
1273,1392/12/21,76583.4
1274,1392/12/24,77191.3
1275,1392/12/25,77816.2
1276,1392/12/26,78430.8
1277,1392/12/27,78968.1
1278,1392/12/28,79015.4
1279,1393/1/5,79013.5
1280,1393/1/6,78619.4
1281,1393/1/9,78239.7
1282,1393/1/10,78469.2
1283,1393/1/11,78741.3
1284,1393/1/16,78547.7
1285,1393/1/17,77634.7
1286,1393/1/18,77418.6
1287,1393/1/19,77817.5
1288,1393/1/20,77423.9
1289,1393/1/23,76501.8
1290,1393/1/24,74920.7
1291,1393/1/25,73973.4
1292,1393/1/26,73847.6
1293,1393/1/27,74161.2
1294,1393/1/30,73637.8
1295,1393/1/31,74160.0
1296,1393/2/1,75035.3
1297,1393/2/2,75735.2
1298,1393/2/3,75980.5
1299,1393/2/6,77404.1
1300,1393/2/7,77923.6
1301,1393/2/8,78131.1
1302,1393/2/9,78151.3
1303,1393/2/10,78164.3
1304,1393/2/13,77939.0
1305,1393/2/14,77569.2
1306,1393/2/15,77763.8
1307,1393/2/16,77717.3
1308,1393/2/17,77752.4
1309,1393/2/20,77931.0
1310,1393/2/21,77734.2
1311,1393/2/22,77596.4
1312,1393/2/24,77610.2
1313,1393/2/27,76901.8
1314,1393/2/28,76987.5
1315,1393/2/29,76528.9
1316,1393/2/30,76634.4
1317,1393/2/31,76767.6
1318,1393/3/3,76703.9
1319,1393/3/4,76394.2
1320,1393/3/5,76212.0
1321,1393/3/7,76067.8
1322,1393/3/10,75687.1
1323,1393/3/11,74543.4
1324,1393/3/12,74735.9
1325,1393/3/13,75102.8
1326,1393/3/17,75329.5
1327,1393/3/18,75353.5
1328,1393/3/19,75240.5
1329,1393/3/20,74836.7
1330,1393/3/21,74499.1
1331,1393/3/24,73516.0
1332,1393/3/25,72631.8
1333,1393/3/26,72748.8
1334,1393/3/27,72638.0
1335,1393/3/28,72873.1
1336,1393/3/31,72969.0
1337,1393/4/1,72900.8
1338,1393/4/2,72544.9
1339,1393/4/3,72344.4
1340,1393/4/4,72249.9
1341,1393/4/7,71662.0
1342,1393/4/8,70970.3
1343,1393/4/9,70341.5
1344,1393/4/10,70423.0
1345,1393/4/11,70876.6
1346,1393/4/14,72162.2
1347,1393/4/15,71960.2
1348,1393/4/16,71916.6
1349,1393/4/17,73025.0
1350,1393/4/18,73416.4
1351,1393/4/21,73555.9
1352,1393/4/22,73226.2
1353,1393/4/23,73347.4
1354,1393/4/24,73457.9
1355,1393/4/25,73754.2
1356,1393/4/29,73750.2
1357,1393/4/30,73890.5
1358,1393/4/31,74526.1
1359,1393/5/1,74841.6
1360,1393/5/4,74840.3
1361,1393/5/5,74848.0
1362,1393/5/6,74997.6
1363,1393/5/11,74841.0
1364,1393/5/12,74637.4
1365,1393/5/13,74709.2
1366,1393/5/14,74697.5
1367,1393/5/15,74613.8
1368,1393/5/18,74398.6
1369,1393/5/19,74398.9
1370,1393/5/20,74547.5
1371,1393/5/21,74455.1
1372,1393/5/22,74363.0
1373,1393/5/25,74051.0
1374,1393/5/26,73952.6
1375,1393/5/27,73906.8
1376,1393/5/28,73902.6
1377,1393/5/29,73905.7
1378,1393/6/1,73868.0
1379,1393/6/2,73529.5
1380,1393/6/3,73499.9
1381,1393/6/4,73540.9
1382,1393/6/5,73312.2
1383,1393/6/8,72941.8
1384,1393/6/9,72778.4
1385,1393/6/10,72339.8
1386,1393/6/11,72232.4
1387,1393/6/12,72121.5
1388,1393/6/15,71822.4
1389,1393/6/16,71665.4
1390,1393/6/17,71815.2
1391,1393/6/18,71930.1
1392,1393/6/19,71925.4
1393,1393/6/22,71486.0
1394,1393/6/23,71386.7
1395,1393/6/24,71402.3
1396,1393/6/25,71408.3
1397,1393/6/26,71443.6
1398,1393/6/29,71445.0
1399,1393/6/30,71545.3
1400,1393/6/31,71685.8
1401,1393/7/1,71726.5
1402,1393/7/2,71788.1
1403,1393/7/5,71702.2
1404,1393/7/6,71643.7
1405,1393/7/7,71675.2
1406,1393/7/8,71664.0
1407,1393/7/9,71640.5
1408,1393/7/12,71670.1
1409,1393/7/14,71821.5
1410,1393/7/15,71718.9
1411,1393/7/16,71783.7
1412,1393/7/19,71771.7
1413,1393/7/20,71791.5
1414,1393/7/22,71893.1
1415,1393/7/23,71978.6
1416,1393/7/26,72016.5
1417,1393/7/27,72281.0
1418,1393/7/28,73550.4
1419,1393/7/29,74109.1
1420,1393/7/30,74132.8
1421,1393/8/3,74152.0
1422,1393/8/4,73940.8
1423,1393/8/5,73958.9
1424,1393/8/6,73967.8
1425,1393/8/7,74151.1
1426,1393/8/10,75028.0
1427,1393/8/11,75368.6
1428,1393/8/14,76166.6
1429,1393/8/17,76420.5
1430,1393/8/18,76553.4
1431,1393/8/19,76560.8
1432,1393/8/20,76708.0
1433,1393/8/21,76589.4
1434,1393/8/24,75946.5
1435,1393/8/25,75930.8
1436,1393/8/26,75965.9
1437,1393/8/27,75409.4
1438,1393/8/28,75248.4
1439,1393/9/1,75042.6
1440,1393/9/2,75389.6
1441,1393/9/3,75949.0
1442,1393/9/4,74740.9
1443,1393/9/5,74076.1
1444,1393/9/8,73245.1
1445,1393/9/9,72189.5
1446,1393/9/10,72120.7
1447,1393/9/11,72258.5
1448,1393/9/12,71860.2
1449,1393/9/15,71712.0
1450,1393/9/16,71170.0
1451,1393/9/17,71376.6
1452,1393/9/18,71381.7
1453,1393/9/19,71043.0
1454,1393/9/23,70291.6
1455,1393/9/24,69542.6
1456,1393/9/25,69608.6
1457,1393/9/26,69494.8
1458,1393/9/29,69537.5
1459,1393/10/1,70094.4
1460,1393/10/3,70153.5
1461,1393/10/6,69705.0
1462,1393/10/7,69625.5
1463,1393/10/8,69424.0
1464,1393/10/9,69254.5
1465,1393/10/10,68973.1
1466,1393/10/13,68829.9
1467,1393/10/14,68650.6
1468,1393/10/15,68232.1
1469,1393/10/16,67471.0
1470,1393/10/17,66902.0
1471,1393/10/20,66197.9
1472,1393/10/21,65512.8
1473,1393/10/22,66000.1
1474,1393/10/23,65929.1
1475,1393/10/24,65939.1
1476,1393/10/27,66273.3
1477,1393/10/28,66319.2
1478,1393/10/29,65835.0
1479,1393/10/30,65564.7
1480,1393/11/1,65028.9
1481,1393/11/4,65029.1
1482,1393/11/5,65105.0
1483,1393/11/6,65114.1
1484,1393/11/7,65127.7
1485,1393/11/8,65256.1
1486,1393/11/11,65542.8
1487,1393/11/12,65544.7
1488,1393/11/13,65555.9
1489,1393/11/14,65597.4
1490,1393/11/15,65771.6
1491,1393/11/18,65787.2
1492,1393/11/19,65366.3
1493,1393/11/20,64917.5
1494,1393/11/21,64840.9
1495,1393/11/25,64932.1
1496,1393/11/26,64926.8
1497,1393/11/27,64993.6
1498,1393/11/28,64811.2
1499,1393/11/29,64720.0
1500,1393/12/2,64867.1
1501,1393/12/3,64719.9
1502,1393/12/4,64678.4
1503,1393/12/5,64525.8
1504,1393/12/6,64051.7
1505,1393/12/9,63950.9
1506,1393/12/10,63860.1
1507,1393/12/11,63954.8
1508,1393/12/12,63996.0
1509,1393/12/13,64014.9
1510,1393/12/16,63911.1
1511,1393/12/17,63806.7
1512,1393/12/18,63846.7
1513,1393/12/19,63852.8
1514,1393/12/20,64070.7
1515,1393/12/23,64610.3
1516,1393/12/24,64980.6
1517,1393/12/25,65122.8
1518,1393/12/26,61532.9
1519,1393/12/27,62531.8
1520,1394/1/5,62885.0
1521,1394/1/8,63625.5
1522,1394/1/9,65099.9
1523,1394/1/10,65175.1
1524,1394/1/11,65728.0
1525,1394/1/15,67827.0
1526,1394/1/16,70261.7
1527,1394/1/17,70843.9
1528,1394/1/18,70159.9
1529,1394/1/19,70684.7
1530,1394/1/22,70022.8
1531,1394/1/23,68783.9
1532,1394/1/24,68454.1
1533,1394/1/25,68465.3
1534,1394/1/26,68078.8
1535,1394/1/29,67374.0
1536,1394/1/30,67378.8
1537,1394/1/31,67016.7
1538,1394/2/1,66828.6
1539,1394/2/2,66569.2
1540,1394/2/5,66540.6
1541,1394/2/6,66208.9
1542,1394/2/7,65576.8
1543,1394/2/8,65508.2
1544,1394/2/9,65634.1
1545,1394/2/13,65088.3
1546,1394/2/14,64415.8
1547,1394/2/15,64168.1
1548,1394/2/16,64069.1
1549,1394/2/19,63530.2
1550,1394/2/20,62885.9
1551,1394/2/21,63069.8
1552,1394/2/22,63316.0
1553,1394/2/23,63531.4
1554,1394/2/27,63465.1
1555,1394/2/28,63522.8
1556,1394/2/29,63644.3
1557,1394/2/30,63703.1
1558,1394/3/2,63427.8
1559,1394/3/3,63363.8
1560,1394/3/4,63496.5
1561,1394/3/5,63419.1
1562,1394/3/6,63402.1
1563,1394/3/9,63419.9
1564,1394/3/10,63227.9
1565,1394/3/11,63227.0
1566,1394/3/12,63289.8
1567,1394/3/16,63297.6
1568,1394/3/17,63187.3
1569,1394/3/18,62952.3
1570,1394/3/19,62317.9
1571,1394/3/20,62322.2
1572,1394/3/23,62571.2
1573,1394/3/24,62653.3
1574,1394/3/25,62442.0
1575,1394/3/26,62558.9
1576,1394/3/27,63559.7
1577,1394/3/30,63836.2
1578,1394/3/31,63810.7
1579,1394/4/1,64276.5
1580,1394/4/2,64839.5
1581,1394/4/3,64857.6
1582,1394/4/6,64812.2
1583,1394/4/7,64301.4
1584,1394/4/8,64332.9
1585,1394/4/9,64922.6
1586,1394/4/10,64861.8
1587,1394/4/13,65860.8
1588,1394/4/14,65780.1
1589,1394/4/15,66019.9
1590,1394/4/16,66761.4
1591,1394/4/20,66817.8
1592,1394/4/21,67646.4
1593,1394/4/22,69194.5
1594,1394/4/23,69433.5
1595,1394/4/24,68827.7
1596,1394/4/28,68827.7
1597,1394/4/29,68148.4
1598,1394/4/30,68050.7
1599,1394/4/31,67643.9
1600,1394/5/3,67036.3
1601,1394/5/4,66977.4
1602,1394/5/5,66441.4
1603,1394/5/6,66489.5
1604,1394/5/7,66780.7
1605,1394/5/10,66829.7
1606,1394/5/11,66530.5
1607,1394/5/12,66626.7
1608,1394/5/13,66445.7
1609,1394/5/14,66451.0
1610,1394/5/17,66000.9
1611,1394/5/18,65973.5
1612,1394/5/19,65903.1
1613,1394/5/21,65703.3
1614,1394/5/24,65314.3
1615,1394/5/25,65239.9
1616,1394/5/26,65302.5
1617,1394/5/27,65189.4
1618,1394/5/28,65218.3
1619,1394/5/31,65225.0
1620,1394/6/1,64881.4
1621,1394/6/2,64651.6
1622,1394/6/3,64197.3
1623,1394/6/4,64206.2
1624,1394/6/7,64451.3
1625,1394/6/8,64467.3
1626,1394/6/9,64225.8
1627,1394/6/10,64251.0
1628,1394/6/11,64276.2
1629,1394/6/14,64497.0
1630,1394/6/15,64506.6
1631,1394/6/16,64518.4
1632,1394/6/17,64511.7
1633,1394/6/18,63467.7
1634,1394/6/21,63482.5
1635,1394/6/22,62958.2
1636,1394/6/23,62993.0
1637,1394/6/24,62536.5
1638,1394/6/25,62264.5
1639,1394/6/28,62254.7
1640,1394/6/29,61553.2
1641,1394/6/30,61328.0
1642,1394/6/31,61576.8
1643,1394/7/1,61686.0
1644,1394/7/4,61530.9
1645,1394/7/5,61563.0
1646,1394/7/6,61568.9
1647,1394/7/7,61578.8
1648,1394/7/8,61498.3
1649,1394/7/11,61217.4
1650,1394/7/12,61163.7
1651,1394/7/13,61233.6
1652,1394/7/14,61209.8
1653,1394/7/15,61389.8
1654,1394/7/18,61396.9
1655,1394/7/19,61287.1
1656,1394/7/20,61296.6
1657,1394/7/21,61434.4
1658,1394/7/22,61973.3
1659,1394/7/25,62799.1
1660,1394/7/26,63071.4
1661,1394/7/27,63126.7
1662,1394/7/28,63142.0
1663,1394/7/29,63175.0
1664,1394/8/3,62792.8
1665,1394/8/4,62803.3
1666,1394/8/5,62923.0
1667,1394/8/6,62923.7
1668,1394/8/9,62948.6
1669,1394/8/10,62942.7
1670,1394/8/11,62855.7
1671,1394/8/12,62811.6
1672,1394/8/13,62927.4
1673,1394/8/16,63000.4
1674,1394/8/17,62999.2
1675,1394/8/18,63035.7
1676,1394/8/19,63044.3
1677,1394/8/20,63056.4
1678,1394/8/23,63070.6
1679,1394/8/24,63083.5
1680,1394/8/25,63108.6
1681,1394/8/26,63013.6
1682,1394/8/27,62871.3
1683,1394/8/30,62889.0
1684,1394/9/1,62923.9
1685,1394/9/2,62795.7
1686,1394/9/3,62720.9
1687,1394/9/4,62734.6
1688,1394/9/7,62635.4
1689,1394/9/8,62639.1
1690,1394/9/9,62647.7
1691,1394/9/10,62550.0
1692,1394/9/14,62577.1
1693,1394/9/15,62420.2
1694,1394/9/16,62374.8
1695,1394/9/17,62392.4
1696,1394/9/18,62409.8
1697,1394/9/22,62310.7
1698,1394/9/23,62216.3
1699,1394/9/24,62233.3
1700,1394/9/25,62147.3
1701,1394/9/28,61734.0
1702,1394/9/29,61501.5
1703,1394/9/30,61518.5
1704,1394/10/1,61414.2
1705,1394/10/2,61420.7
1706,1394/10/5,61436.9
1707,1394/10/6,61455.3
1708,1394/10/7,61469.3
1709,1394/10/9,61691.0
1710,1394/10/12,61700.1
1711,1394/10/13,61710.2
1712,1394/10/14,61728.1
1713,1394/10/15,62055.9
1714,1394/10/16,62632.8
1715,1394/10/19,62655.0
1716,1394/10/20,62461.0
1717,1394/10/21,62788.7
1718,1394/10/22,62841.2
1719,1394/10/23,63516.9
1720,1394/10/26,64860.9
1721,1394/10/27,65424.1
1722,1394/10/28,65119.5
1723,1394/10/29,66118.1
1724,1394/10/30,66562.5
1725,1394/11/3,66960.4
1726,1394/11/4,67740.1
1727,1394/11/5,68857.5
1728,1394/11/6,70999.5
1729,1394/11/7,71011.0
1730,1394/11/10,71393.9
1731,1394/11/11,71118.8
1732,1394/11/12,72912.8
1733,1394/11/13,73725.5
1734,1394/11/14,73684.0
1735,1394/11/17,74103.6
1736,1394/11/18,74569.4
1737,1394/11/19,75783.8
1738,1394/11/20,78199.1
1739,1394/11/21,77497.9
1740,1394/11/24,76594.2
1741,1394/11/25,76709.5
1742,1394/11/26,77377.5
1743,1394/11/27,77141.6
1744,1394/11/28,77888.0
1745,1394/12/1,77560.9
1746,1394/12/2,77234.9
1747,1394/12/3,77587.7
1748,1394/12/4,77704.0
1749,1394/12/5,77840.2
1750,1394/12/8,78228.3
1751,1394/12/9,77733.8
1752,1394/12/10,77539.2
1753,1394/12/11,77648.8
1754,1394/12/12,77697.8
1755,1394/12/15,78022.2
1756,1394/12/16,78093.0
1757,1394/12/17,78158.4
1758,1394/12/18,78220.0
1759,1394/12/19,78312.1
1760,1394/12/22,79366.5
1761,1394/12/24,80236.7
1762,1394/12/25,80037.5
1763,1394/12/26,80219.4
1764,1395/1/7,81200.3
1765,1395/1/8,81261.0
1766,1395/1/9,80935.7
1767,1395/1/10,80561.3
1768,1395/1/11,81480.4
1769,1395/1/14,81536.9
1770,1395/1/15,80852.7
1771,1395/1/16,80872.1
1772,1395/1/17,80965.8
1773,1395/1/18,80752.7
1774,1395/1/21,80654.0
1775,1395/1/22,80280.7
1776,1395/1/23,80262.4
1777,1395/1/24,80109.3
1778,1395/1/25,79588.3
1779,1395/1/28,77984.8
1780,1395/1/29,77516.2
1781,1395/1/30,78435.4
1782,1395/1/31,78430.9
1783,1395/2/1,78269.0
1784,1395/2/4,78281.7
1785,1395/2/5,78448.3
1786,1395/2/6,78688.4
1787,1395/2/7,78394.4
1788,1395/2/8,78404.7
1789,1395/2/11,78414.6
1790,1395/2/12,78384.4
1791,1395/2/13,78285.4
1792,1395/2/14,78044.4
1793,1395/2/15,78033.8
1794,1395/2/18,77423.9
1795,1395/2/19,77045.3
1796,1395/2/20,77106.0
1797,1395/2/21,76630.4
1798,1395/2/22,75982.6
1799,1395/2/25,76138.6
1800,1395/2/26,75863.2
1801,1395/2/27,75980.5
1802,1395/2/28,76292.9
1803,1395/2/29,76413.3
1804,1395/3/1,76448.3
1805,1395/3/3,76613.9
1806,1395/3/4,76692.8
1807,1395/3/5,76853.0
1808,1395/3/8,76690.6
1809,1395/3/9,76387.0
1810,1395/3/10,76431.5
1811,1395/3/11,76144.2
1812,1395/3/12,76084.2
1813,1395/3/16,76160.6
1814,1395/3/17,76128.6
1815,1395/3/18,75874.5
1816,1395/3/19,75876.2
1817,1395/3/22,74850.1
1818,1395/3/23,74817.8
1819,1395/3/24,74700.5
1820,1395/3/25,73959.7
1821,1395/3/26,73877.1
1822,1395/3/29,73906.5
1823,1395/3/30,73027.9
1824,1395/3/31,72615.0
1825,1395/4/1,72799.2
1826,1395/4/2,73644.8
1827,1395/4/5,73672.0
1828,1395/4/6,73743.5
1829,1395/4/8,74190.5
1830,1395/4/9,73940.3
1831,1395/4/12,73965.5
1832,1395/4/13,74064.0
1833,1395/4/14,73947.2
1834,1395/4/15,74049.1
1835,1395/4/19,73716.6
1836,1395/4/20,73764.2
1837,1395/4/21,73816.7
1838,1395/4/22,73736.0
1839,1395/4/23,73763.0
1840,1395/4/26,73868.0
1841,1395/4/27,74194.8
1842,1395/4/28,74196.9
1843,1395/4/29,74313.6
1844,1395/4/30,74514.1
1845,1395/5/2,74934.3
1846,1395/5/3,75183.9
1847,1395/5/4,75466.5
1848,1395/5/5,75501.0
1849,1395/5/6,76225.7
1850,1395/5/10,76579.7
1851,1395/5/11,76647.4
1852,1395/5/12,77089.8
1853,1395/5/13,77856.5
1854,1395/5/16,78324.9
1855,1395/5/17,78704.6
1856,1395/5/18,78324.9
1857,1395/5/19,78368.4
1858,1395/5/20,78190.5
1859,1395/5/23,78218.8
1860,1395/5/24,78205.1
1861,1395/5/25,77828.8
1862,1395/5/26,77855.5
1863,1395/5/27,77879.0
1864,1395/5/30,77968.7
1865,1395/5/31,78086.4
1866,1395/6/1,78086.1
1867,1395/6/2,77964.0
1868,1395/6/3,78081.5
1869,1395/6/6,77757.6
1870,1395/6/7,77313.6
1871,1395/6/8,77345.6
1872,1395/6/9,77358.6
1873,1395/6/10,77167.9
1874,1395/6/13,76747.0
1875,1395/6/14,76509.4
1876,1395/6/15,76522.2
1877,1395/6/16,76669.6
1878,1395/6/17,76742.2
1879,1395/6/20,76640.3
1880,1395/6/21,76643.9
1881,1395/6/23,76444.2
1882,1395/6/24,76455.4
1883,1395/6/27,76104.9
1884,1395/6/28,76166.7
1885,1395/6/29,76272.6
1886,1395/6/31,76450.9
1887,1395/7/3,76906.9
1888,1395/7/4,77081.5
1889,1395/7/5,77089.8
1890,1395/7/6,77143.1
1891,1395/7/7,77300.3
1892,1395/7/10,77478.8
1893,1395/7/11,77287.6
1894,1395/7/12,77265.3
1895,1395/7/13,77335.3
1896,1395/7/14,77183.0
1897,1395/7/17,77217.0
1898,1395/7/18,77435.8
1899,1395/7/19,77655.1
1900,1395/7/24,77886.4
1901,1395/7/25,77569.1
1902,1395/7/26,77707.2
1903,1395/7/27,77849.5
1904,1395/7/28,78091.5
1905,1395/8/1,78387.2
1906,1395/8/2,78370.3
1907,1395/8/3,78568.8
1908,1395/8/4,78761.9
1909,1395/8/5,79299.6
1910,1395/8/8,80340.7
1911,1395/8/9,80339.2
1912,1395/8/10,80263.7
1913,1395/8/11,79659.2
1914,1395/8/12,79670.9
1915,1395/8/15,79253.5
1916,1395/8/16,79137.5
1917,1395/8/17,79632.3
1918,1395/8/18,79871.4
1919,1395/8/19,78411.6
1920,1395/8/22,79010.7
1921,1395/8/23,79048.5
1922,1395/8/24,79341.5
1923,1395/8/25,79236.2
1924,1395/8/26,79268.4
1925,1395/8/29,79278.6
1926,1395/9/1,79319.0
1927,1395/9/2,79393.8
1928,1395/9/3,79385.6
1929,1395/9/6,79541.4
1930,1395/9/7,79625.9
1931,1395/9/9,80018.6
1932,1395/9/13,80058.8
1933,1395/9/14,80063.7
1934,1395/9/15,80081.2
1935,1395/9/16,80830.5
1936,1395/9/17,81341.6
1937,1395/9/20,81250.5
1938,1395/9/21,80925.9
1939,1395/9/22,80915.5
1940,1395/9/23,80741.2
1941,1395/9/24,80683.6
1942,1395/9/28,80709.0
1943,1395/9/29,80413.1
1944,1395/9/30,80122.7
1945,1395/10/1,80250.0
1946,1395/10/4,80161.2
1947,1395/10/5,79898.9
1948,1395/10/6,79966.5
1949,1395/10/7,79800.8
1950,1395/10/8,79691.8
1951,1395/10/11,79486.6
1952,1395/10/12,78896.0
1953,1395/10/13,78968.9
1954,1395/10/14,78983.7
1955,1395/10/15,78990.3
1956,1395/10/18,78826.5
1957,1395/10/19,78833.4
1958,1395/10/20,78609.5
1959,1395/10/22,78622.0
1960,1395/10/25,78876.2
1961,1395/10/26,79073.2
1962,1395/10/27,79084.2
1963,1395/10/28,79280.4
1964,1395/10/29,79382.2
1965,1395/11/2,79206.6
1966,1395/11/3,79218.0
1967,1395/11/4,79263.5
1968,1395/11/5,78249.1
1969,1395/11/6,78049.0
1970,1395/11/9,77714.1
1971,1395/11/10,77707.3
1972,1395/11/11,77961.4
1973,1395/11/12,77975.4
1974,1395/11/13,77414.9
1975,1395/11/16,76825.7
1976,1395/11/17,76616.0
1977,1395/11/18,76678.7
1978,1395/11/19,76766.0
1979,1395/11/20,76792.8
1980,1395/11/23,76816.8
1981,1395/11/24,76827.7
1982,1395/11/25,76975.5
1983,1395/11/26,77000.2
1984,1395/11/27,77189.7
1985,1395/11/30,77599.1
1986,1395/12/1,77658.6
1987,1395/12/2,77698.2
1988,1395/12/3,77800.2
1989,1395/12/4,77847.2
1990,1395/12/7,77863.5
1991,1395/12/8,77574.7
1992,1395/12/9,77590.7
1993,1395/12/10,77602.3
1994,1395/12/11,77475.2
1995,1395/12/14,77135.1
1996,1395/12/15,76766.9
1997,1395/12/16,76789.7
1998,1395/12/17,76800.4
1999,1395/12/18,76285.5
2000,1395/12/21,76315.6
2001,1395/12/22,76329.0
2002,1395/12/23,76332.0
2003,1395/12/24,76639.0
2004,1395/12/25,76737.9
2005,1395/12/28,77230.0
2006,1396/1/5,77485.8
2007,1396/1/6,77502.9
2008,1396/1/7,77523.3
2009,1396/1/8,77548.5
2010,1396/1/9,77584.4
2011,1396/1/14,77616.8
2012,1396/1/15,77647.1
2013,1396/1/16,77689.9
2014,1396/1/19,77804.7
2015,1396/1/20,77860.4
2016,1396/1/21,78107.8
2017,1396/1/23,78132.4
2018,1396/1/26,78383.3
2019,1396/1/27,78471.7
2020,1396/1/28,78247.5
2021,1396/1/29,78339.8
2022,1396/1/30,78651.4
2023,1396/2/2,79302.7
2024,1396/2/3,79390.6
2025,1396/2/4,79425.9
2026,1396/2/6,79596.9
2027,1396/2/9,79755.6
2028,1396/2/10,79785.0
2029,1396/2/11,79826.6
2030,1396/2/12,79942.1
2031,1396/2/13,79969.2
2032,1396/2/16,79697.4
2033,1396/2/17,79660.9
2034,1396/2/18,79744.1
2035,1396/2/19,79858.8
2036,1396/2/20,80127.1
2037,1396/2/23,80142.0
2038,1396/2/24,79963.0
2039,1396/2/25,79957.5
2040,1396/2/26,80129.3
2041,1396/2/27,80344.2
2042,1396/2/30,81077.6
2043,1396/2/31,81194.0
2044,1396/3/1,81124.4
2045,1396/3/2,81124.4
2046,1396/3/3,81146.2
2047,1396/3/6,80921.2
2048,1396/3/7,80713.2
2049,1396/3/8,80607.9
2050,1396/3/9,80511.5
2051,1396/3/10,80513.3
2052,1396/3/13,80288.9
2053,1396/3/16,80293.5
2054,1396/3/17,79758.5
2055,1396/3/20,79855.7
2056,1396/3/21,79870.7
2057,1396/3/22,79564.1
2058,1396/3/23,79426.9
2059,1396/3/24,79465.7
2060,1396/3/27,79285.0
2061,1396/3/28,78990.4
2062,1396/3/29,78859.2
2063,1396/3/30,78867.5
2064,1396/3/31,78736.2
2065,1396/4/3,78652.7
2066,1396/4/4,78665.5
2067,1396/4/7,78704.5
2068,1396/4/10,78799.7
2069,1396/4/11,78765.3
2070,1396/4/12,78659.2
2071,1396/4/13,78632.5
2072,1396/4/14,78700.2
2073,1396/4/17,78881.6
2074,1396/4/18,78985.4
2075,1396/4/19,79377.0
2076,1396/4/20,79490.4
2077,1396/4/21,79509.6
2078,1396/4/24,79658.9
2079,1396/4/25,79620.8
2080,1396/4/26,79692.9
2081,1396/4/27,79735.7
2082,1396/4/28,80162.5
2083,1396/4/31,80670.8
2084,1396/5/1,80863.0
2085,1396/5/2,80933.9
2086,1396/5/3,81181.7
2087,1396/5/4,81509.3
2088,1396/5/7,81420.9
2089,1396/5/8,81491.4
2090,1396/5/9,81533.5
2091,1396/5/10,81415.9
2092,1396/5/11,81265.9
2093,1396/5/15,81384.1
2094,1396/5/16,81285.7
2095,1396/5/17,81313.9
2096,1396/5/18,81579.3
2097,1396/5/21,81763.1
2098,1396/5/22,81661.5
2099,1396/5/23,81659.3
2100,1396/5/24,81696.3
2101,1396/5/25,81741.9
2102,1396/5/28,81954.9
2103,1396/5/29,82016.2
2104,1396/5/30,82075.0
2105,1396/5/31,82372.4
2106,1396/6/1,82541.8
2107,1396/6/4,82897.1
2108,1396/6/5,82885.0
2109,1396/6/6,83012.1
2110,1396/6/7,83252.0
2111,1396/6/8,83272.9
2112,1396/6/11,83428.2
2113,1396/6/12,83345.2
2114,1396/6/13,83452.1
2115,1396/6/14,83733.5
2116,1396/6/15,83675.3
2117,1396/6/19,83255.7
2118,1396/6/20,83369.1
2119,1396/6/21,83469.2
2120,1396/6/22,83523.8
2121,1396/6/25,83683.2
2122,1396/6/26,83916.6
2123,1396/6/27,84414.5
2124,1396/6/28,85343.9
2125,1396/6/29,85831.8
2126,1396/7/1,85798.4
2127,1396/7/2,85588.8
2128,1396/7/3,85516.9
2129,1396/7/4,85628.8
2130,1396/7/5,85819.0
2131,1396/7/10,85514.9
2132,1396/7/11,85355.0
2133,1396/7/12,85429.5
2134,1396/7/15,85069.5
2135,1396/7/16,84564.9
2136,1396/7/17,84611.6
2137,1396/7/18,84734.4
2138,1396/7/19,84744.1
2139,1396/7/22,85263.6
2140,1396/7/23,85394.9
2141,1396/7/24,85590.7
2142,1396/7/25,85660.0
2143,1396/7/26,85768.0
2144,1396/7/29,86430.5
2145,1396/7/30,86480.2
2146,1396/8/1,86346.2
2147,1396/8/2,86529.2
2148,1396/8/3,86636.8
2149,1396/8/6,86935.4
2150,1396/8/7,87416.6
2151,1396/8/8,87477.2
2152,1396/8/9,87649.9
2153,1396/8/10,87844.9
2154,1396/8/13,87868.6
2155,1396/8/14,87905.1
2156,1396/8/15,87843.7
2157,1396/8/16,87883.1
2158,1396/8/17,87897.4
2159,1396/8/20,87795.2
2160,1396/8/21,87744.7
2161,1396/8/22,87832.5
2162,1396/8/23,87949.8
2163,1396/8/24,88005.9
2164,1396/8/27,88202.3
2165,1396/8/29,88261.2
2166,1396/8/30,88774.6
2167,1396/9/1,89339.1
2168,1396/9/4,90469.5
2169,1396/9/5,90655.5
2170,1396/9/7,91255.2
2171,1396/9/8,91152.2
2172,1396/9/11,91296.7
2173,1396/9/12,90951.8
2174,1396/9/13,90936.6
2175,1396/9/14,91092.2
2176,1396/9/18,91160.3
2177,1396/9/19,91198.9
2178,1396/9/20,91552.4
2179,1396/9/21,92628.9
2180,1396/9/22,93283.7
2181,1396/9/23,93283.6
2182,1396/9/24,93283.6
2183,1396/9/25,94606.4
2184,1396/9/26,95600.7
2185,1396/9/27,95477.4
2186,1396/9/28,95590.6
2187,1396/9/29,95508.6
2188,1396/10/2,96816.0
2189,1396/10/3,97529.3
2190,1396/10/4,98358.4
2191,1396/10/5,98152.7
2192,1396/10/6,97899.1
2193,1396/10/9,97211.4
2194,1396/10/10,95561.5
2195,1396/10/11,96207.9
2196,1396/10/12,96241.2
2197,1396/10/13,95929.4
2198,1396/10/16,96270.3
2199,1396/10/17,96234.5
2200,1396/10/18,96332.5
2201,1396/10/19,96149.2
2202,1396/10/20,96185.9
2203,1396/10/23,96627.5
2204,1396/10/24,97228.6
2205,1396/10/25,97944.0
2206,1396/10/26,98596.9
2207,1396/10/27,98923.5
2208,1396/10/30,98817.2
2209,1396/11/1,98221.0
2210,1396/11/2,98628.4
2211,1396/11/3,99224.7
2212,1396/11/4,99522.1
2213,1396/11/7,99355.5
2214,1396/11/8,99414.5
2215,1396/11/9,99046.1
2216,1396/11/10,98557.8
2217,1396/11/11,98133.5
2218,1396/11/14,97718.8
2219,1396/11/15,97808.1
2220,1396/11/16,98033.5
2221,1396/11/17,97927.5
2222,1396/11/18,98299.7
2223,1396/11/21,97782.7
2224,1396/11/23,97924.7
2225,1396/11/24,98103.3
2226,1396/11/25,98347.9
2227,1396/11/28,98429.6
2228,1396/11/29,98311.6
2229,1396/11/30,98148.5
2230,1396/12/2,98157.3
2231,1396/12/5,98176.9
2232,1396/12/6,98080.2
2233,1396/12/7,98098.5
2234,1396/12/8,98100.8
2235,1396/12/9,97961.7
2236,1396/12/12,97388.7
2237,1396/12/13,97354.3
2238,1396/12/14,97182.6
2239,1396/12/15,96991.0
2240,1396/12/16,96860.3
2241,1396/12/19,96594.5
2242,1396/12/20,96028.4
2243,1396/12/21,96194.4
2244,1396/12/22,96314.1
2245,1396/12/23,95525.9
2246,1396/12/26,95577.3
2247,1396/12/27,95819.6
2248,1396/12/28,96289.9
2249,1397/1/5,96425.9
2250,1397/1/6,96489.7
2251,1397/1/7,96596.6
2252,1397/1/8,96938.8
2253,1397/1/14,97086.1
2254,1397/1/15,97150.5
2255,1397/1/18,96779.8
2256,1397/1/19,96341.2
2257,1397/1/20,97120.7
2258,1397/1/21,96748.0
2259,1397/1/22,96287.0
2260,1397/1/26,95987.5
2261,1397/1/27,95506.2
2262,1397/1/28,95522.7
2263,1397/1/29,95523.8
2264,1397/2/1,95265.8
2265,1397/2/2,94494.2
2266,1397/2/3,94299.5
2267,1397/2/4,94576.3
2268,1397/2/5,94796.1
2269,1397/2/8,94284.4
2270,1397/2/9,93805.5
2271,1397/2/10,93586.9
2272,1397/2/11,93612.1
2273,1397/2/15,93100.6
2274,1397/2/16,92849.9
2275,1397/2/17,93165.9
2276,1397/2/18,93605.8
2277,1397/2/19,93691.1
2278,1397/2/22,93891.1
2279,1397/2/23,94165.8
2280,1397/2/24,94703.4
2281,1397/2/25,94905.9
2282,1397/2/26,94940.2
2283,1397/2/29,95103.1
2284,1397/2/30,95136.4
2285,1397/2/31,95227.4
2286,1397/3/1,95229.9
2287,1397/3/2,95445.0
2288,1397/3/5,95794.0
2289,1397/3/6,95626.0
2290,1397/3/7,95529.6
2291,1397/3/8,95409.6
2292,1397/3/9,95577.6
2293,1397/3/12,95951.9
2294,1397/3/13,95998.8
2295,1397/3/19,96077.1
2296,1397/3/20,95915.9
2297,1397/3/21,95847.4
2298,1397/3/22,96378.7
2299,1397/3/23,99146.2
2300,1397/3/27,102452.4
2301,1397/3/28,104533.5
2302,1397/3/29,106504.1
2303,1397/3/30,108872.9
2304,1397/4/2,109401.4
2305,1397/4/3,112061.3
2306,1397/4/4,115174.5
2307,1397/4/5,113527.7
2308,1397/4/6,111324.8
2309,1397/4/9,111528.2
2310,1397/4/10,108694.1
2311,1397/4/11,109937.1
2312,1397/4/12,112346.5
2313,1397/4/13,112490.0
2314,1397/4/16,111051.6
2315,1397/4/17,110851.4
2316,1397/4/19,110849.0
2317,1397/4/20,109505.1
2318,1397/4/23,108916.6
2319,1397/4/24,108072.3
2320,1397/4/25,108110.0
2321,1397/4/26,107780.6
2322,1397/4/27,107776.6
2323,1397/4/30,108295.5
2324,1397/4/31,108830.8
2325,1397/5/1,108658.9
2326,1397/5/2,108395.9
2327,1397/5/3,108800.1
2328,1397/5/4,108800.1
2329,1397/5/5,108800.1
2330,1397/5/6,111877.9
2331,1397/5/7,113852.3
2332,1397/5/8,116759.5
2333,1397/5/9,121173.5
2334,1397/5/10,123951.3
2335,1397/5/13,124353.7
2336,1397/5/14,128448.0
2337,1397/5/15,133328.3
2338,1397/5/16,133584.4
2339,1397/5/17,131521.6
2340,1397/5/20,129013.8
2341,1397/5/21,129901.9
2342,1397/5/22,128522.7
2343,1397/5/23,130927.7
2344,1397/5/24,130476.9
2345,1397/5/27,131535.8
2346,1397/5/28,134354.8
2347,1397/5/29,137072.9
2348,1397/5/30,136910.6
2349,1397/6/3,136343.4
2350,1397/6/4,138582.6
2351,1397/6/5,140309.2
2352,1397/6/6,136765.9
2353,1397/6/7,137472.4
2354,1397/6/10,136109.7
2355,1397/6/11,133676.1
2356,1397/6/12,135257.8
2357,1397/6/13,137983.8
2358,1397/6/14,137714.2
2359,1397/6/17,139628.7
2360,1397/6/18,142234.4
2361,1397/6/19,146998.7
2362,1397/6/20,148577.6
2363,1397/6/21,155061.1
2364,1397/6/24,158119.2
2365,1397/6/25,155710.2
2366,1397/6/26,158071.9
2367,1397/6/27,157328.7
2368,1397/6/31,160538.2
2369,1397/7/1,165072.1
2370,1397/7/2,168624.7
2371,1397/7/3,174618.2
2372,1397/7/4,180635.6
2373,1397/7/7,187406.1
2374,1397/7/8,195104.0
2375,1397/7/9,195480.2
2376,1397/7/10,188259.4
2377,1397/7/11,185559.3
2378,1397/7/14,184085.2
2379,1397/7/15,176419.4
2380,1397/7/16,175185.5
2381,1397/7/17,180847.6
2382,1397/7/18,181015.7
2383,1397/7/21,175033.0
2384,1397/7/22,174826.4
2385,1397/7/23,180601.5
2386,1397/7/24,182834.1
2387,1397/7/25,182929.1
2388,1397/7/28,188575.8
2389,1397/7/29,189438.0
2390,1397/7/30,187778.9
2391,1397/8/1,185318.7
2392,1397/8/2,181060.0
2393,1397/8/5,178841.3
2394,1397/8/6,180626.9
2395,1397/8/7,183219.5
2396,1397/8/9,183367.3
2397,1397/8/12,183448.8
2398,1397/8/13,182918.6
2399,1397/8/14,184159.8
2400,1397/8/15,185100.4
2401,1397/8/19,184231.1
2402,1397/8/20,180668.3
2403,1397/8/21,182211.7
2404,1397/8/22,183212.2
2405,1397/8/23,181994.3
2406,1397/8/26,178819.3
2407,1397/8/27,173557.7
2408,1397/8/28,175816.5
2409,1397/8/29,176458.7
2410,1397/8/30,175713.2
2411,1397/9/3,171252.9
2412,1397/9/5,166463.5
2413,1397/9/6,167199.8
2414,1397/9/7,163772.1
2415,1397/9/10,159853.8
2416,1397/9/11,163138.5
2417,1397/9/12,166304.4
2418,1397/9/13,165701.7
2419,1397/9/14,166860.1
2420,1397/9/17,167083.2
2421,1397/9/18,166891.2
2422,1397/9/19,166915.9
2423,1397/9/20,166235.0
2424,1397/9/21,165352.1
2425,1397/9/24,164485.9
2426,1397/9/25,161708.1
2427,1397/9/26,159749.9
2428,1397/9/27,159146.4
2429,1397/9/28,156083.2
2430,1397/10/1,154550.5
2431,1397/10/2,156693.8
2432,1397/10/3,157484.0
2433,1397/10/4,156950.3
2434,1397/10/5,158443.7
2435,1397/10/8,160774.0
2436,1397/10/9,161309.8
2437,1397/10/10,161405.3
2438,1397/10/11,161840.8
2439,1397/10/12,160898.9
2440,1397/10/15,161107.4
2441,1397/10/16,161275.8
2442,1397/10/17,162323.6
2443,1397/10/18,163967.2
2444,1397/10/19,164829.4
2445,1397/10/22,164929.9
2446,1397/10/23,164493.8
2447,1397/10/24,164696.4
2448,1397/10/25,165445.5
2449,1397/10/26,165595.0
2450,1397/10/29,166131.1
2451,1397/10/30,165575.1
2452,1397/11/1,161922.2
2453,1397/11/2,162805.7
2454,1397/11/3,162940.9
2455,1397/11/6,162477.5
2456,1397/11/7,160798.0
2457,1397/11/8,159818.2
2458,1397/11/9,160153.0
2459,1397/11/10,160294.9
2460,1397/11/13,159855.4
2461,1397/11/14,157355.2
2462,1397/11/15,158043.9
2463,1397/11/16,158394.2
2464,1397/11/17,158535.5
2465,1397/11/21,158468.2
2466,1397/11/23,157973.3
2467,1397/11/24,157310.8
2468,1397/11/27,157113.6
2469,1397/11/28,156155.0
2470,1397/11/29,156705.1
2471,1397/11/30,157387.5
2472,1397/12/1,159489.5
2473,1397/12/4,164267.8
2474,1397/12/5,166030.3
2475,1397/12/6,166793.6
2476,1397/12/7,164712.2
2477,1397/12/8,165295.1
2478,1397/12/11,164370.3
2479,1397/12/12,164442.7
2480,1397/12/13,164238.6
2481,1397/12/14,162593.6
2482,1397/12/15,162827.3
2483,1397/12/18,163007.3
2484,1397/12/19,164470.4
2485,1397/12/20,167371.5
2486,1397/12/21,167909.7
2487,1397/12/22,169115.5
2488,1397/12/25,171124.9
2489,1397/12/26,172522.5
2490,1397/12/27,175898.8
2491,1397/12/28,178659.1
2492,1398/1/5,179194.3
2493,1398/1/6,179766.4
2494,1398/1/7,181542.4
2495,1398/1/10,185358.0
2496,1398/1/11,185281.1
2497,1398/1/17,186535.5
2498,1398/1/18,188073.8
2499,1398/1/19,188592.8
2500,1398/1/20,190425.1
2501,1398/1/21,193978.3
2502,1398/1/24,195202.7
2503,1398/1/25,196084.1
2504,1398/1/26,201805.8
2505,1398/1/27,201890.8
2506,1398/1/28,199911.3
2507,1398/1/31,204375.3
2508,1398/2/2,204322.0
2509,1398/2/3,202857.5
2510,1398/2/4,203776.9
2511,1398/2/7,205287.4
2512,1398/2/8,209243.9
2513,1398/2/9,214867.6
2514,1398/2/10,216642.0
2515,1398/2/11,220109.0
2516,1398/2/14,224589.6
2517,1398/2/15,224057.3
2518,1398/2/16,215820.6
2519,1398/2/17,208197.1
2520,1398/2/18,211344.1
2521,1398/2/21,209154.9
2522,1398/2/22,204069.3
2523,1398/2/23,207751.7
2524,1398/2/24,211746.4
2525,1398/2/25,211017.8
2526,1398/2/28,212747.7
2527,1398/2/29,212851.5
2528,1398/2/30,211871.7
2529,1398/2/31,215091.6
2530,1398/3/1,215168.6
2531,1398/3/4,214314.2
2532,1398/3/5,217573.9
2533,1398/3/7,223253.8
2534,1398/3/8,224476.8
2535,1398/3/11,222387.8
2536,1398/3/12,224544.4
2537,1398/3/13,226983.4
2538,1398/3/18,226888.2
2539,1398/3/19,229808.8
2540,1398/3/20,230267.7
2541,1398/3/21,230617.5
2542,1398/3/22,233352.8
2543,1398/3/25,234167.7
2544,1398/3/26,238220.2
2545,1398/3/27,238160.7
2546,1398/3/28,237148.2
2547,1398/3/29,234879.4
2548,1398/4/1,233886.1
2549,1398/4/2,237459.9
2550,1398/4/3,242568.1
2551,1398/4/4,245098.7
2552,1398/4/5,248577.8
2553,1398/4/9,248533.0
2554,1398/4/10,247122.5
2555,1398/4/11,248275.9
2556,1398/4/12,248944.0
2557,1398/4/15,245445.6
2558,1398/4/16,246447.5
2559,1398/4/17,249252.6
2560,1398/4/18,248716.1
2561,1398/4/19,249622.1
2562,1398/4/22,250605.0
2563,1398/4/23,253577.8
2564,1398/4/24,253303.3
2565,1398/4/25,246268.1
2566,1398/4/26,246790.4
2567,1398/4/29,246437.4
2568,1398/4/30,249661.6
2569,1398/4/31,253056.8
2570,1398/5/1,251278.3
2571,1398/5/2,252864.6
2572,1398/5/5,252275.4
2573,1398/5/6,252324.7
2574,1398/5/7,252488.3
2575,1398/5/8,252898.1
2576,1398/5/9,254445.7
2577,1398/5/12,254453.9
2578,1398/5/13,255530.2
2579,1398/5/14,256698.2
2580,1398/5/15,255512.0
2581,1398/5/16,255163.3
2582,1398/5/19,255306.4
2583,1398/5/20,255876.2
2584,1398/5/22,257097.2
2585,1398/5/23,261391.5
2586,1398/5/26,261405.8
2587,1398/5/27,260992.0
2588,1398/5/28,262941.0
2589,1398/5/30,266127.2
2590,1398/6/2,269986.1
2591,1398/6/3,269225.3
2592,1398/6/4,274871.8
2593,1398/6/5,278469.9
2594,1398/6/6,278674.9
2595,1398/6/9,284139.2
2596,1398/6/10,286114.8
2597,1398/6/11,283062.7
2598,1398/6/12,285573.6
2599,1398/6/13,290178.5
2600,1398/6/16,294601.6
2601,1398/6/17,296731.8
2602,1398/6/20,299930.7
2603,1398/6/23,304460.1
2604,1398/6/24,302395.7
2605,1398/6/25,305917.2
2606,1398/6/26,302082.1
2607,1398/6/27,294166.6
2608,1398/6/30,297712.6
2609,1398/6/31,302103.6
2610,1398/7/1,311471.4
2611,1398/7/2,312206.5
2612,1398/7/3,314409.2
2613,1398/7/6,320023.9
2614,1398/7/7,318250.6
2615,1398/7/8,324705.9
2616,1398/7/9,326098.1
2617,1398/7/10,326117.2
2618,1398/7/13,327305.8
2619,1398/7/14,320208.4
2620,1398/7/15,320909.7
2621,1398/7/16,314469.8
2622,1398/7/17,313049.1
2623,1398/7/20,322059.8
2624,1398/7/21,326190.8
2625,1398/7/22,319871.6
2626,1398/7/23,308978.9
2627,1398/7/24,309640.3
2628,1398/7/28,301391.1
2629,1398/7/29,302173.1
2630,1398/7/30,308314.9
2631,1398/8/1,305807.6
2632,1398/8/4,303449.8
2633,1398/8/6,305969.9
2634,1398/8/8,309661.3
2635,1398/8/11,308730.2
2636,1398/8/12,308960.9
2637,1398/8/13,304676.5
2638,1398/8/14,305333.2
2639,1398/8/18,305858.9
2640,1398/8/19,302795.1
2641,1398/8/20,303944.1
2642,1398/8/21,306655.3
2643,1398/8/22,307094.1
2644,1398/8/25,306885.8
2645,1398/8/26,302340.6
2646,1398/8/27,302726.3
2647,1398/8/28,304688.5
2648,1398/8/29,304997.0
2649,1398/9/2,305622.5
2650,1398/9/3,305774.0
2651,1398/9/4,308477.2
2652,1398/9/5,309643.3
2653,1398/9/6,311230.1
2654,1398/9/9,314587.9
2655,1398/9/10,318670.5
2656,1398/9/11,320194.8
2657,1398/9/12,320814.4
2658,1398/9/13,322527.9
2659,1398/9/16,327624.8
2660,1398/9/17,332567.2
2661,1398/9/18,335792.0
2662,1398/9/19,339434.4
2663,1398/9/20,339386.6
2664,1398/9/23,343291.8
2665,1398/9/24,344115.1
2666,1398/9/25,344487.6
2667,1398/9/26,346870.7
2668,1398/9/27,350322.6
2669,1398/9/30,353996.7
2670,1398/10/1,356721.1
2671,1398/10/2,359365.5
2672,1398/10/3,362259.3
2673,1398/10/4,361088.4
2674,1398/10/7,367632.1
2675,1398/10/8,369729.9
2676,1398/10/9,375547.7
2677,1398/10/10,377012.6
2678,1398/10/11,384099.6
2679,1398/10/14,367334.2
2680,1398/10/15,365815.5
2681,1398/10/17,358843.2
2682,1398/10/18,353807.7
2683,1398/10/21,359807.4
2684,1398/10/22,375650.2
2685,1398/10/23,392038.4
2686,1398/10/24,395912.6
2687,1398/10/25,399445.3
2688,1398/10/28,409962.5
2689,1398/10/29,410694.5
2690,1398/10/30,409807.8
2691,1398/11/1,406008.9
2692,1398/11/2,411211.5
2693,1398/11/5,417001.9
2694,1398/11/6,418312.5
2695,1398/11/7,420668.0
2696,1398/11/8,427139.4
2697,1398/11/12,426184.9
2698,1398/11/13,428217.0
2699,1398/11/14,438880.2
2700,1398/11/15,440199.1
2701,1398/11/16,445894.1
2702,1398/11/19,452842.3
2703,1398/11/20,454618.5
2704,1398/11/21,447151.9
2705,1398/11/23,459079.6
2706,1398/11/26,461988.4
2707,1398/11/27,472749.9
2708,1398/11/28,476812.7
2709,1398/11/29,472120.4
2710,1398/11/30,478755.7
2711,1398/12/3,481798.0
2712,1398/12/4,498904.5
2713,1398/12/5,503735.8
2714,1398/12/6,518512.8
2715,1398/12/7,523851.0
2716,1398/12/10,505801.0
2717,1398/12/11,515583.4
2718,1398/12/12,529329.0
2719,1398/12/13,544237.7
2720,1398/12/14,555167.7
2721,1398/12/17,549185.1
2722,1398/12/19,534378.4
2723,1398/12/20,519847.3
2724,1398/12/21,520211.8
2725,1398/12/24,502739.2
2726,1398/12/25,494405.7
2727,1398/12/26,506079.8
2728,1398/12/27,502429.7
2729,1398/12/28,512900.5
2730,1399/1/5,508661.5
2731,1399/1/6,521267.7
2732,1399/1/9,532525.3
2733,1399/1/10,545649.4
2734,1399/1/11,547658.5
2735,1399/1/16,567425.6
2736,1399/1/17,573904.0
2737,1399/1/18,569673.7
2738,1399/1/19,583383.0
2739,1399/1/20,597253.9
2740,1399/1/23,607855.9
2741,1399/1/24,623259.8
2742,1399/1/25,624528.5
2743,1399/1/26,626408.7
2744,1399/1/27,645762.5
2745,1399/1/30,668905.5
2746,1399/1/31,690037.0
2747,1399/2/1,708994.7
2748,1399/2/2,726136.7
2749,1399/2/3,741932.0
2750,1399/2/6,769372.7
2751,1399/2/7,797813.4
2752,1399/2/8,820505.4
2753,1399/2/9,845952.4
2754,1399/2/10,878101.2
2755,1399/2/13,917406.1
2756,1399/2/14,956199.9
2757,1399/2/15,979105.3
2758,1399/2/16,980571.1
2759,1399/2/17,977923.4
2760,1399/2/20,1020217.5
2761,1399/2/21,1043252.5
2762,1399/2/22,1047763.2
2763,1399/2/23,1021445.2
2764,1399/2/24,1017662.5
2765,1399/2/27,987475.2
2766,1399/2/28,968460.3
2767,1399/2/29,995180.6
2768,1399/2/30,1002124.5
2769,1399/2/31,986759.2
2770,1399/3/3,959840.4
2771,1399/3/6,926132.9
2772,1399/3/7,938557.2
2773,1399/3/10,973494.5
2774,1399/3/11,970412.9
2775,1399/3/12,988120.6
2776,1399/3/13,1028537.8
2777,1399/3/17,1068844.0
2778,1399/3/18,1116186.8
2779,1399/3/19,1118912.1
2780,1399/3/20,1118118.0
2781,1399/3/21,1153679.7
2782,1399/3/24,1189857.9
2783,1399/3/25,1185421.9
2784,1399/3/26,1200100.4
2785,1399/3/27,1229673.6
2786,1399/3/31,1270627.1
2787,1399/4/1,1300812.8
2788,1399/4/2,1341578.8
2789,1399/4/3,1391025.4
2790,1399/4/4,1419453.5
2791,1399/4/7,1466277.5
2792,1399/4/8,1491927.7
2793,1399/4/9,1481938.4
2794,1399/4/10,1546845.4
2795,1399/4/11,1612902.0
2796,1399/4/14,1621343.3
2797,1399/4/15,1655429.6
2798,1399/4/16,1718350.2
2799,1399/4/17,1747078.6
2800,1399/4/18,1753642.8
2801,1399/4/21,1741353.7
2802,1399/4/22,1812843.1
2803,1399/4/23,1822083.1
2804,1399/4/24,1844907.3
2805,1399/4/25,1841700.7
2806,1399/4/28,1809172.1
2807,1399/4/29,1865027.5
2808,1399/4/30,1924845.1
2809,1399/4/31,1916194.1
2810,1399/5/1,1901147.2
2811,1399/5/4,1952910.0
2812,1399/5/5,1946086.2
2813,1399/5/6,1933935.6
2814,1399/5/7,1941193.5
2815,1399/5/8,1904324.2
2816,1399/5/11,1961621.8
2817,1399/5/12,2011524.3
2818,1399/5/13,1993340.2
2819,1399/5/14,1995044.4
2820,1399/5/15,2034192.5
2821,1399/5/19,2078546.8
2822,1399/5/20,2065114.3
2823,1399/5/21,1999843.4
2824,1399/5/22,1975439.7
2825,1399/5/25,1903267.6
2826,1399/5/26,1813565.7
2827,1399/5/27,1815754.7
2828,1399/5/28,1825353.0
2829,1399/5/29,1757229.2
2830,1399/6/1,1727239.5
2831,1399/6/2,1662215.4
2832,1399/6/3,1608581.8
2833,1399/6/4,1650044.3
2834,1399/6/5,1718783.4
2835,1399/6/10,1728035.3
2836,1399/6/11,1684786.6
2837,1399/6/12,1631941.3
2838,1399/6/15,1642007.7
2839,1399/6/16,1647781.8
2840,1399/6/17,1607195.3
2841,1399/6/18,1570010.0
2842,1399/6/19,1556280.3
2843,1399/6/22,1583753.6
2844,1399/6/23,1578190.1
2845,1399/6/24,1607587.1
2846,1399/6/25,1664592.8
2847,1399/6/26,1704108.5
2848,1399/6/29,1699494.0
2849,1399/6/30,1652235.7
2850,1399/6/31,1595160.1
2851,1399/7/1,1581180.1
2852,1399/7/2,1611582.5
2853,1399/7/5,1615531.2
2854,1399/7/6,1570888.3
2855,1399/7/7,1515930.0
2856,1399/7/8,1492939.8
2857,1399/7/9,1503426.8
2858,1399/7/12,1546154.7
2859,1399/7/13,1522980.9
2860,1399/7/14,1490173.1
2861,1399/7/15,1514698.2
2862,1399/7/16,1540700.0
2863,1399/7/19,1541822.8
2864,1399/7/20,1597125.4
2865,1399/7/21,1579507.3
2866,1399/7/22,1579675.7
2867,1399/7/23,1561416.1
2868,1399/7/27,1514272.5
2869,1399/7/28,1462283.2
2870,1399/7/29,1419305.3
2871,1399/7/30,1412354.7
2872,1399/8/3,1374057.4
2873,1399/8/5,1336587.0
2874,1399/8/6,1302028.5
2875,1399/8/7,1288330.5
2876,1399/8/10,1305898.7
2877,1399/8/11,1279862.7
2878,1399/8/12,1264477.6
2879,1399/8/14,1290571.4
2880,1399/8/17,1262887.1
2881,1399/8/18,1240523.8
2882,1399/8/19,1215163.9
2883,1399/8/20,1211941.2
2884,1399/8/21,1221074.8
2885,1399/8/24,1247649.2
2886,1399/8/25,1257356.9
2887,1399/8/26,1273847.0
2888,1399/8/27,1296947.1
2889,1399/8/28,1345301.4
2890,1399/9/1,1366535.2
2891,1399/9/2,1358847.5
2892,1399/9/3,1375541.3
2893,1399/9/4,1357108.6
2894,1399/9/5,1367248.8
2895,1399/9/8,1390772.8
2896,1399/9/9,1427278.1
2897,1399/9/10,1465975.3
2898,1399/9/11,1473667.3
2899,1399/9/12,1470980.1
2900,1399/9/15,1490676.8
2901,1399/9/16,1523108.5
2902,1399/9/17,1512891.9
2903,1399/9/18,1507498.7
2904,1399/9/19,1506217.3
2905,1399/9/22,1527451.8
2906,1399/9/23,1515759.4
2907,1399/9/24,1484158.9
2908,1399/9/25,1428324.5
2909,1399/9/26,1413360.4
2910,1399/9/29,1444926.0
2911,1399/9/30,1439124.0
2912,1399/10/1,1436392.9
2913,1399/10/2,1444968.9
2914,1399/10/3,1447915.3
2915,1399/10/6,1423570.2
2916,1399/10/7,1419012.8
2917,1399/10/8,1437212.3
2918,1399/10/9,1411859.0
2919,1399/10/10,1397797.2
2920,1399/10/13,1354147.1
2921,1399/10/14,1355351.2
2922,1399/10/15,1374483.2
2923,1399/10/16,1350233.2
2924,1399/10/17,1310755.8
2925,1399/10/20,1285892.4
2926,1399/10/21,1306620.7
2927,1399/10/22,1301325.6
2928,1399/10/23,1260722.5
2929,1399/10/24,1229836.5
2930,1399/10/27,1186711.2
2931,1399/10/29,1150225.0
2932,1399/10/30,1150718.0
2933,1399/11/1,1183978.2
2934,1399/11/4,1222070.6
2935,1399/11/5,1234557.5
2936,1399/11/6,1235783.1
2937,1399/11/7,1215033.1
2938,1399/11/8,1207698.3
2939,1399/11/11,1247152.7
2940,1399/11/12,1251041.7
2941,1399/11/13,1233667.6
2942,1399/11/14,1205467.1
2943,1399/11/15,1173010.7
2944,1399/11/18,1135345.5
2945,1399/11/19,1170532.9
2946,1399/11/20,1192744.4
2947,1399/11/21,1214416.1
2948,1399/11/25,1262253.7
2949,1399/11/26,1264368.7
2950,1399/11/27,1257286.2
2951,1399/11/28,1245882.9
2952,1399/11/29,1238357.4
2953,1399/12/2,1232716.1
2954,1399/12/3,1222614.3
2955,1399/12/4,1214482.7
2956,1399/12/5,1211642.8
2957,1399/12/6,1205832.4
2958,1399/12/9,1194009.9
2959,1399/12/10,1185603.7
2960,1399/12/11,1181641.2
2961,1399/12/12,1186277.3
2962,1399/12/13,1177916.9
2963,1399/12/16,1169724.3
2964,1399/12/17,1175595.8
2965,1399/12/18,1199888.4
2966,1399/12/19,1210146.7
2967,1399/12/20,1206878.0
2968,1399/12/23,1229377.2
2969,1399/12/24,1245186.0
2970,1399/12/25,1254213.0
2971,1399/12/26,1290474.5
2972,1399/12/27,1307707.1
2973,1400/1/7,1309561.6
2974,1400/1/8,1306887.8
2975,1400/1/10,1303193.7
2976,1400/1/11,1294521.6
2977,1400/1/14,1282948.7
2978,1400/1/15,1269478.7
2979,1400/1/16,1262735.3
2980,1400/1/17,1260785.7
2981,1400/1/18,1249910.4
2982,1400/1/21,1240696.7
2983,1400/1/22,1230876.5
2984,1400/1/23,1226158.2
2985,1400/1/24,1244556.7
2986,1400/1/25,1243358.7
2987,1400/1/28,1233781.8
2988,1400/1/29,1224795.3
2989,1400/1/30,1216874.3
2990,1400/1/31,1219589.9
2991,1400/2/1,1207047.0
2992,1400/2/4,1199341.7
2993,1400/2/5,1187843.0
2994,1400/2/6,1186956.5
2995,1400/2/7,1202630.4
2996,1400/2/8,1207850.4
2997,1400/2/11,1194338.6
2998,1400/2/12,1180663.6
2999,1400/2/13,1167045.1
3000,1400/2/15,1172262.4
3001,1400/2/18,1167462.4
3002,1400/2/19,1151896.4
3003,1400/2/20,1157682.9
3004,1400/2/21,1179527.1
3005,1400/2/22,1184000.3
3006,1400/2/25,1189595.7
3007,1400/2/26,1188811.1
3008,1400/2/27,1174659.7
3009,1400/2/28,1173514.3
3010,1400/2/29,1154844.7
3011,1400/3/1,1128218.2
3012,1400/3/2,1107915.1
3013,1400/3/3,1095697.7
3014,1400/3/4,1105454.2
3015,1400/3/5,1109348.8
3016,1400/3/8,1139534.9
3017,1400/3/9,1156933.8
3018,1400/3/10,1145930.0
3019,1400/3/11,1140475.4
3020,1400/3/12,1148642.7
3021,1400/3/17,1157205.4
3022,1400/3/18,1160665.6
3023,1400/3/19,1151846.3
3024,1400/3/22,1144955.0
3025,1400/3/23,1141225.9
3026,1400/3/24,1150203.6
3027,1400/3/25,1150129.2
3028,1400/3/26,1147675.0
3029,1400/3/29,1162032.0
3030,1400/3/30,1163757.0
3031,1400/3/31,1168664.7
3032,1400/4/1,1186921.5
3033,1400/4/2,1213054.6
3034,1400/4/5,1233738.1
3035,1400/4/6,1238487.2
3036,1400/4/7,1243812.3
3037,1400/4/8,1248516.5
3038,1400/4/9,1256978.2
3039,1400/4/12,1246111.9
3040,1400/4/13,1243719.1
3041,1400/4/14,1254561.8
3042,1400/4/15,1281187.0
3043,1400/4/16,1282036.1
3044,1400/4/19,1270744.3
3045,1400/4/20,1285256.4
3046,1400/4/21,1304336.3
3047,1400/4/22,1303890.1
3048,1400/4/23,1305495.5
3049,1400/4/26,1311241.0
3050,1400/4/27,1302857.2
3051,1400/4/28,1311306.0
3052,1400/5/4,1323354.6
3053,1400/5/5,1314909.1
3054,1400/5/6,1316504.6
3055,1400/5/9,1351500.1
3056,1400/5/10,1360246.6
3057,1400/5/11,1357895.2
3058,1400/5/12,1375647.2
3059,1400/5/13,1406040.3
3060,1400/5/16,1407762.2
3061,1400/5/17,1417861.9
3062,1400/5/18,1433201.7
3063,1400/5/19,1453811.7
3064,1400/5/20,1484627.3
3065,1400/5/23,1480803.6
3066,1400/5/24,1499923.4
3067,1400/5/31,1515548.6
3068,1400/6/1,1515923.5
3069,1400/6/2,1543448.3
3070,1400/6/3,1550208.4
3071,1400/6/6,1575762.0
3072,1400/6/7,1573406.5
3073,1400/6/8,1523969.6
3074,1400/6/9,1496150.8
3075,1400/6/10,1520627.1
3076,1400/6/13,1541051.8
3077,1400/6/14,1537192.9
3078,1400/6/15,1538484.5
3079,1400/6/16,1523059.9
3080,1400/6/17,1526008.3
3081,1400/6/20,1530461.8
3082,1400/6/21,1489983.3
3083,1400/6/22,1475224.9
3084,1400/6/23,1496962.7
3085,1400/6/24,1488212.7
3086,1400/6/27,1450225.4
3087,1400/6/28,1420479.0
3088,1400/6/29,1427773.2
3089,1400/6/30,1391236.1
3090,1400/6/31,1386451.0
3091,1400/7/3,1422118.5
3092,1400/7/4,1424732.3
3093,1400/7/6,1425447.4
3094,1400/7/7,1436984.3
3095,1400/7/10,1473476.0
3096,1400/7/11,1476680.3
3097,1400/7/12,1484652.8
3098,1400/7/14,1488264.5
3099,1400/7/17,1466031.4
3100,1400/7/18,1455612.0
3101,1400/7/19,1457493.6
3102,1400/7/20,1418683.0
3103,1400/7/21,1397386.1
3104,1400/7/24,1437465.5
3105,1400/7/25,1436109.9
3106,1400/7/26,1436916.8
3107,1400/7/27,1449496.9
3108,1400/7/28,1436357.1
3109,1400/8/1,1407758.0
3110,1400/8/3,1384133.5
3111,1400/8/4,1384452.2
3112,1400/8/5,1393960.8
3113,1400/8/8,1375669.2
3114,1400/8/9,1340290.8
3115,1400/8/10,1361414.8
3116,1400/8/11,1376091.9
3117,1400/8/12,1398416.5
3118,1400/8/15,1440651.5
3119,1400/8/16,1430892.2
3120,1400/8/17,1434378.9
3121,1400/8/18,1447674.8
3122,1400/8/19,1456479.9
3123,1400/8/22,1439244.4
3124,1400/8/23,1442515.7
3125,1400/8/24,1416298.7
3126,1400/8/25,1408595.7
3127,1400/8/26,1410778.6
3128,1400/8/29,1383491.9
3129,1400/8/30,1386935.3
3130,1400/9/1,1407132.9
3131,1400/9/2,1404551.7
3132,1400/9/3,1394105.7
3133,1400/9/6,1366713.9
3134,1400/9/7,1368005.2
3135,1400/9/8,1363939.0
3136,1400/9/9,1357128.9
3137,1400/9/10,1340071.9
3138,1400/9/13,1334765.9
3139,1400/9/14,1343202.7
3140,1400/9/15,1342353.6
3141,1400/9/16,1338016.0
3142,1400/9/17,1349389.3
3143,1400/9/20,1344441.6
3144,1400/9/21,1320776.7
3145,1400/9/22,1295550.1
3146,1400/9/23,1291839.4
3147,1400/9/24,1293237.9
3148,1400/9/27,1305535.5
3149,1400/9/28,1291675.8
3150,1400/9/29,1301542.3
3151,1400/9/30,1318359.7
3152,1400/10/1,1359024.5
3153,1400/10/4,1385504.6
3154,1400/10/5,1383987.9
3155,1400/10/6,1400314.6
3156,1400/10/7,1399910.9
3157,1400/10/8,1397311.4
3158,1400/10/11,1378777.4
3159,1400/10/12,1379041.1
3160,1400/10/13,1376049.3
3161,1400/10/14,1362828.6
3162,1400/10/15,1363095.8
3163,1400/10/18,1362458.0
3164,1400/10/19,1336820.7
3165,1400/10/20,1332755.6
3166,1400/10/21,1334703.5
3167,1400/10/22,1334265.0
3168,1400/10/25,1322569.8
3169,1400/10/26,1310804.5
3170,1400/10/27,1306472.1
3171,1400/10/28,1275966.4
3172,1400/10/29,1279393.9
3173,1400/11/2,1281801.0
3174,1400/11/3,1256512.8
3175,1400/11/4,1234707.7
3176,1400/11/5,1207926.7
3177,1400/11/6,1229368.4
3178,1400/11/9,1258995.1
3179,1400/11/10,1284647.4
3180,1400/11/11,1294619.1
3181,1400/11/12,1301234.0
3182,1400/11/13,1301161.5
3183,1400/11/16,1304411.1
3184,1400/11/17,1282050.0
